Price_Billion,Area_m2,District,Ward,Floors,Bedrooms,Toilets,Post_Time
32,927,Quận 12,Phường Thạnh Lộc,4,2,2,31/12/2025
185,8.131,Huyện Hóc Môn,Xã Tân Hiệp,1,0,0,31/12/2025
115,1.723,Huyện Hóc Môn,Xã Tân Xuân,3,0,0,31/12/2025
23,176,Quận 12,Phường Tân Thới Nhất,4,0,0,31/12/2025
25,330,Quận Gò Vấp,Phường 5,4,0,0,31/12/2025
34,150,Quận Gò Vấp,Phường 5,3,0,0,31/12/2025
12.8,211,Quận Gò Vấp,Phường 7,3,0,0,31/12/2025
13.5,147,Quận Gò Vấp,Phường 11,5,0,0,31/12/2025
5.1,19,Quận 10,Phường 2,3,0,0,31/12/2025
4.75,81,Quận 12,Phường Thạnh Lộc,4,2,0,31/12/2025
5,93,Quận 12,Phường Thạnh Xuân,1,0,0,31/12/2025
24,133,Quận Gò Vấp,Phường 16,1,0,0,31/12/2025
27,310,Quận Gò Vấp,Phường 17,3,0,0,31/12/2025
18,141,Quận Gò Vấp,Phường 5,3,0,0,31/12/2025
36.5,423,Quận Gò Vấp,Phường 17,5,0,0,31/12/2025
14.5,150,Quận Gò Vấp,Phường 7,1,0,0,31/12/2025
7.286,144,Quận Gò Vấp,Phường 12,5,0,0,31/12/2025
13.5,278,Quận Gò Vấp,Phường 12,4,0,0,31/12/2025
23,155,Quận Phú Nhuận,Phường 10,5,0,0,31/12/2025
11.4,100,Quận Gò Vấp,Phường 14,1,0,0,31/12/2025
6.4,63,Thành phố Thủ Đức,Phường Long Bình,4,0,0,31/12/2025
9,95,Quận Tân Phú,Phường Phú Trung,1,0,0,31/12/2025
4.78,32,Quận 8,Phường 10,3,0,0,31/12/2025
7,53,Quận 4,Phường 13,1,2,1,31/12/2025
3.7,28,Quận 10,Phường 3,3,2,1,31/12/2025
23.8,102,Quận Gò Vấp,Phường 4,2,7,7,31/12/2025
12.5,61,Quận Gò Vấp,Phường 15,2,3,3,31/12/2025
9,46,Quận 10,Phường 4,3,0,0,31/12/2025
6.5,64,Quận Bình Thạnh,Phường 17,2,0,0,31/12/2025
3.5,28,Quận Bình Thạnh,Phường 13,3,3,2,31/12/2025
6.8,76,Quận 8,Phường 3,5,4,4,31/12/2025
5.1,62,Quận Tân Phú,Phường Phú Thọ Hòa,2,4,4,31/12/2025
8.7,72,Quận Bình Thạnh,Phường 25,4,4,4,31/12/2025
12,40,Quận 8,Phường 5,1,4,4,31/12/2025
5.5,60,Quận Bình Thạnh,Phường 26,3,1,0,31/12/2025
3.3,32,Quận Gò Vấp,Phường 3,3,0,0,31/12/2025
7.35,105,Thành phố Thủ Đức,Phường Trường Thọ,2,0,0,31/12/2025
5.58,23,Quận Tân Phú,Phường Phú Thạnh,1,0,1,31/12/2025
7.5,75,Quận Tân Phú,Phường Tân Thới Hòa,4,3,0,31/12/2025
16.5,163,Quận Tân Phú,Phường Phú Thọ Hòa,2,0,0,31/12/2025
8.4,54,Quận Tân Phú,Phường Phú Thạnh,2,4,5,31/12/2025
3.18,24,Quận Tân Phú,Phường Tân Sơn Nhì,3,0,0,31/12/2025
8.8,65,Quận Tân Phú,Phường Phú Thọ Hòa,5,9,0,31/12/2025
13.5,80,Quận Tân Phú,Phường Tây Thạnh,5,0,0,31/12/2025
20,105,Quận Tân Phú,Phường Tân Sơn Nhì,3,0,0,31/12/2025
3.6,30,Quận Tân Phú,Phường Tân Sơn Nhì,4,1,2,31/12/2025
5.78,48,Quận Tân Phú,Phường Tân Sơn Nhì,2,3,2,31/12/2025
9.7,75,Quận Tân Phú,Phường Phú Thạnh,3,0,0,31/12/2025
3.8,30,Quận Tân Phú,Phường Tân Sơn Nhì,1,2,0,31/12/2025
6.98,64,Quận Tân Phú,Phường Phú Thọ Hòa,2,3,3,31/12/2025
9.95,41,Quận Tân Phú,Phường Phú Thọ Hòa,2,5,6,31/12/2025
3.6,29,Quận Tân Phú,Phường Tân Quý,2,2,0,31/12/2025
8.2,57,Quận Tân Phú,Phường Phú Thạnh,6,0,0,31/12/2025
4.9,28,Quận Tân Phú,Phường Tây Thạnh,6,4,3,31/12/2025
9.45,70,Quận Tân Phú,Phường Tân Sơn Nhì,5,5,0,31/12/2025
10.7,74,Quận Tân Phú,Phường Tân Thới Hòa,2,0,0,31/12/2025
5.95,42,Quận Tân Phú,Phường Phú Thạnh,2,4,0,31/12/2025
10.8,90,Quận Tân Phú,Phường Tây Thạnh,4,4,5,31/12/2025
5.5,27,Quận Tân Phú,Phường Phú Thọ Hòa,4,2,3,31/12/2025
8.65,55,Quận Tân Phú,Phường Tây Thạnh,2,3,0,31/12/2025
4.2,42,Quận Tân Phú,Phường Tân Thới Hòa,4,2,3,31/12/2025
18.5,60,Quận 1,Phường Tân Định,3,0,0,31/12/2025
8.5,56,Quận Tân Phú,Phường Phú Thọ Hòa,2,0,0,31/12/2025
11,64,Quận Tân Phú,Phường Tân Sơn Nhì,6,5,0,31/12/2025
7.3,77,Quận Tân Phú,Phường Tây Thạnh,4,4,4,31/12/2025
5.6,43,Quận Tân Phú,Phường Tây Thạnh,3,0,0,31/12/2025
15,82,Quận Tân Phú,Phường Phú Trung,2,5,6,31/12/2025
3.95,32,Quận Tân Phú,Phường Tân Sơn Nhì,2,2,2,31/12/2025
9.3,71,Quận Tân Phú,Phường Tân Sơn Nhì,2,4,4,31/12/2025
10.5,65,Quận Tân Phú,Phường Hòa Thạnh,1,0,0,31/12/2025
7,97,Quận Tân Phú,Phường Tân Quý,5,0,0,31/12/2025
5.3,47,Quận Tân Phú,Phường Hòa Thạnh,4,2,0,31/12/2025
7.5,48,Quận Tân Phú,Phường Phú Thọ Hòa,3,4,0,31/12/2025
3.65,35,Quận Tân Phú,Phường Phú Thọ Hòa,4,2,2,31/12/2025
7.5,58,Quận Tân Phú,Phường Hòa Thạnh,3,2,0,31/12/2025
8.9,70,Quận Tân Phú,Phường Phú Thạnh,1,0,0,31/12/2025
8.7,55,Quận Tân Phú,Phường Phú Thọ Hòa,3,0,0,31/12/2025
13,140,Quận Tân Phú,Phường Tây Thạnh,2,28,0,31/12/2025
5.25,38,Quận Tân Phú,Phường Phú Trung,2,3,1,31/12/2025
9.4,83,Quận Tân Phú,Phường Hiệp Tân,1,0,0,31/12/2025
5.5,36,Quận Tân Phú,Phường Tân Sơn Nhì,2,0,0,31/12/2025
8.2,67,Quận Tân Phú,Phường Phú Thọ Hòa,2,0,0,31/12/2025
6.6,57,Quận Tân Phú,Phường Tân Sơn Nhì,2,6,0,31/12/2025
12.3,72,Quận Tân Phú,Phường Phú Thạnh,2,4,2,31/12/2025
9,81,Quận Tân Phú,Phường Tân Sơn Nhì,3,3,4,31/12/2025
10,36,Quận Tân Phú,Phường Tây Thạnh,5,3,3,31/12/2025
6.5,48,Quận Tân Phú,Phường Phú Thạnh,2,5,0,31/12/2025
8.2,51,Quận Tân Phú,Phường Tân Sơn Nhì,2,0,0,31/12/2025
9.8,59,Quận Tân Phú,Phường Tân Thành,4,3,3,31/12/2025
10.5,115,Quận Tân Phú,Phường Phú Thạnh,3,0,0,31/12/2025
9,53,Quận Tân Phú,Phường Phú Thạnh,2,0,0,31/12/2025
5,33,Quận Tân Phú,Phường Phú Thọ Hòa,4,2,0,31/12/2025
13.2,69,Quận Tân Phú,Phường Hiệp Tân,3,3,2,31/12/2025
4.6,48,Quận Tân Phú,Phường Phú Thạnh,1,0,2,31/12/2025
3.5,26,Quận Tân Phú,Phường Tân Sơn Nhì,5,2,0,31/12/2025
10.5,112,Quận Tân Phú,Phường Phú Thọ Hòa,1,0,0,31/12/2025
10,60,Quận Tân Phú,Phường Hòa Thạnh,2,4,0,31/12/2025
6.5,45,Quận Tân Phú,Phường Tân Quý,1,4,0,31/12/2025
6.8,36,Quận Tân Phú,Phường Phú Thọ Hòa,6,3,0,31/12/2025
8.2,58,Quận Tân Phú,Phường Phú Thọ Hòa,1,0,0,31/12/2025
7.9,61,Quận Tân Phú,Phường Phú Thạnh,2,4,5,31/12/2025
9.65,60,Quận Tân Phú,Phường Tân Sơn Nhì,4,0,0,31/12/2025
7.5,48,Quận Tân Phú,Phường Tân Sơn Nhì,1,4,3,31/12/2025
5.2,44,Quận Tân Phú,Phường Phú Thạnh,1,2,2,31/12/2025
6.6,54,Quận Tân Phú,Phường Tân Quý,3,0,0,31/12/2025
2.8,22,Quận Bình Thạnh,Phường 1,2,0,0,31/12/2025
12,71,Quận Tân Phú,Phường Phú Thọ Hòa,6,0,0,31/12/2025
5.35,44,Quận Tân Phú,Phường Phú Thọ Hòa,2,2,0,31/12/2025
5.8,56,Quận Tân Phú,Phường Tây Thạnh,1,3,2,31/12/2025
6.3,36,Quận Tân Phú,Phường Hiệp Tân,2,0,0,31/12/2025
4.4,50,Quận Gò Vấp,Phường 1,3,4,3,31/12/2025
4.8,36,Quận 3,Phường 11,3,2,2,31/12/2025
7.2,61,Quận Bình Thạnh,Phường 7,5,0,0,31/12/2025
7.85,109,Quận 12,Phường Thạnh Xuân,2,0,0,31/12/2025
4.4,32,Quận Phú Nhuận,Phường 4,3,2,2,31/12/2025
6.999,51,Quận 4,Phường 4,2,4,2,31/12/2025
6.68,68,Quận Bình Thạnh,Phường 11,4,4,3,31/12/2025
13.65,68,Quận Tân Bình,Phường 4,2,6,0,31/12/2025
1.8,12,Quận Gò Vấp,Phường 3,2,2,0,31/12/2025
11.2,72,Quận 1,Phường Tân Định,1,0,0,31/12/2025
5.1,44,Quận Gò Vấp,Phường 5,1,3,2,31/12/2025
9.5,30,Quận 1,Phường Bến Nghé,3,0,0,31/12/2025
1.9,18,Quận Bình Thạnh,Phường 1,4,0,0,31/12/2025
6.9,40,Quận 7,Phường Tân Hưng,4,4,5,31/12/2025
6,101,Quận Gò Vấp,Phường 5,3,0,0,31/12/2025
3.7,36,Quận Gò Vấp,Phường 3,2,2,3,31/12/2025
5.6,54,Quận 10,Phường 12,1,0,0,31/12/2025
13.5,64,Quận 8,Phường 6,4,5,6,31/12/2025
11.4,87,Quận Tân Bình,Phường 2,3,0,0,31/12/2025
5.6,48,Quận Phú Nhuận,Phường 5,4,0,0,31/12/2025
3.8,30,Quận Gò Vấp,Phường 7,4,0,0,31/12/2025
2.8,24,Quận Phú Nhuận,Phường 15,5,2,0,31/12/2025
2.55,24,Quận Gò Vấp,Phường 1,1,0,0,31/12/2025
5.9,72,Quận 7,Phường Phú Thuận,1,0,0,31/12/2025
4.45,39,Quận 10,Phường 14,1,0,0,31/12/2025
8.2,81,Quận Tân Bình,Phường 3,1,0,0,31/12/2025
5.95,48,Quận Bình Thạnh,Phường 11,4,0,0,31/12/2025
9,138,Quận 8,Phường 5,1,0,0,31/12/2025
6.9,56,Quận Tân Phú,Phường Phú Thọ Hòa,1,0,0,31/12/2025
6.7,63,Quận Tân Phú,Phường Tân Quý,2,0,0,31/12/2025
6.8,62,Quận Tân Phú,Phường Tân Quý,2,0,0,31/12/2025
6.7,68,Quận Bình Tân,Phường Bình Hưng Hòa,3,4,5,31/12/2025
4.7,40,Quận Tân Phú,Phường Phú Thọ Hòa,3,2,1,31/12/2025
6.9,59,Quận Tân Phú,Phường Sơn Kỳ,2,0,0,31/12/2025
5.1,44,Quận Tân Phú,Phường Tân Quý,3,0,0,31/12/2025
5.6,25,Quận Tân Phú,Phường Tân Sơn Nhì,3,3,0,31/12/2025
5.8,74,Quận Bình Tân,Phường Bình Hưng Hòa,2,2,0,31/12/2025
3.9,43,Quận Bình Tân,Phường Bình Hưng Hòa,6,2,0,31/12/2025
4.9,45,Quận Tân Phú,Phường Sơn Kỳ,2,2,0,31/12/2025
7.1,75,Quận Bình Tân,Phường Bình Hưng Hòa A,3,4,5,31/12/2025
7.2,52,Quận Bình Tân,Phường Bình Hưng Hòa A,4,4,0,31/12/2025
6.5,64,Quận Bình Tân,Phường Bình Hưng Hòa B,3,9,0,31/12/2025
4.7,56,Quận Tân Phú,Phường Phú Thạnh,1,6,0,31/12/2025
6.4,70,Quận Bình Tân,Phường Bình Hưng Hòa B,1,6,0,31/12/2025
5.8,50,Quận Bình Tân,Phường Bình Hưng Hòa A,5,4,0,31/12/2025
4.6,40,Quận Bình Tân,Phường Bình Hưng Hòa A,1,2,2,31/12/2025
7.2,48,Quận Tân Phú,Phường Tân Sơn Nhì,1,5,0,31/12/2025
5.5,60,Quận Bình Tân,Phường Bình Hưng Hòa B,1,5,0,31/12/2025
4.3,41,Quận Bình Tân,Phường Bình Trị Đông,1,2,0,31/12/2025
4.6,45,Quận Bình Tân,Phường Bình Hưng Hòa A,1,3,0,31/12/2025
4.5,48,Quận Bình Tân,Phường Bình Hưng Hòa A,3,2,0,31/12/2025
4.7,53,Quận Bình Thạnh,Phường 5,1,3,2,31/12/2025
7,80,Quận Tân Phú,Phường Tân Quý,1,0,0,31/12/2025
4.4,40,Quận Tân Phú,Phường Tân Quý,1,2,2,31/12/2025
7.6,60,Quận Tân Phú,Phường Phú Thạnh,5,0,0,31/12/2025
4.8,55,Quận Tân Phú,Phường Tân Quý,5,0,0,31/12/2025
6.6,48,Quận Bình Tân,Phường Bình Trị Đông,2,0,0,31/12/2025
6.1,55,Quận Bình Tân,Phường Bình Hưng Hòa,1,0,0,31/12/2025
6.5,44,Quận Bình Tân,Phường Bình Trị Đông,3,0,0,31/12/2025
6.6,67,Quận Bình Tân,Phường Bình Trị Đông A,3,2,2,31/12/2025
6.1,40,Quận Bình Tân,Phường Bình Trị Đông,2,0,0,31/12/2025
5.9,61,Quận Tân Phú,Phường Tây Thạnh,4,0,0,31/12/2025
5.6,40,Quận Bình Tân,Phường Bình Hưng Hòa A,4,4,0,31/12/2025
4.8,48,Quận Bình Tân,Phường Bình Hưng Hòa,4,2,0,31/12/2025
5.98,65,Quận Bình Tân,Phường Bình Hưng Hòa,4,3,3,31/12/2025
5.5,67,Quận Bình Tân,Phường Bình Hưng Hòa A,2,0,0,31/12/2025
5.15,52,Quận Bình Tân,Phường Bình Trị Đông A,4,0,0,31/12/2025
4.68,43,Quận Bình Tân,Phường Bình Hưng Hòa A,1,0,0,31/12/2025
3.98,39,Quận Bình Tân,Phường Bình Hưng Hòa,2,2,2,31/12/2025
6.6,71,Quận Tân Phú,Phường Phú Thạnh,1,3,0,31/12/2025
5,56,Quận Bình Tân,Phường Bình Hưng Hòa A,2,0,0,31/12/2025
8.75,73,Quận Tân Phú,Phường Sơn Kỳ,1,4,5,31/12/2025
6.65,91,Quận Gò Vấp,Phường 8,4,0,0,31/12/2025
5.9,56,Quận Bình Tân,Phường Bình Hưng Hòa,3,0,0,31/12/2025
5.9,56,Quận Bình Tân,Phường Bình Trị Đông,5,0,0,31/12/2025
8,56,Quận Tân Phú,Phường Sơn Kỳ,2,0,0,31/12/2025
8.3,80,Quận Tân Phú,Phường Hiệp Tân,1,0,0,31/12/2025
4.5,48,Quận Bình Tân,Phường Bình Hưng Hòa A,2,2,0,31/12/2025
4.2,32,Quận Tân Phú,Phường Phú Thọ Hòa,4,0,0,31/12/2025
5.3,72,Quận Bình Tân,Phường Bình Hưng Hòa,1,0,0,31/12/2025
4.4,42,Quận Tân Phú,Phường Tân Sơn Nhì,3,0,0,31/12/2025
6.4,56,Quận Tân Phú,Phường Tây Thạnh,1,0,0,31/12/2025
4.9,53,Quận Tân Phú,Phường Sơn Kỳ,3,2,0,31/12/2025
4.3,48,Quận Bình Tân,Phường Bình Hưng Hòa B,3,0,0,31/12/2025
3.3,49,Quận Bình Tân,Phường Bình Hưng Hòa B,1,2,0,31/12/2025
7.2,57,Quận Tân Phú,Phường Tân Quý,2,0,0,31/12/2025
5.7,40,Quận Tân Phú,Phường Tân Quý,3,0,0,31/12/2025
4.8,44,Quận Tân Phú,Phường Tân Quý,3,0,0,31/12/2025
4.7,46,Quận Bình Tân,Phường Bình Hưng Hòa,3,3,3,31/12/2025
6.6,50,Quận Bình Tân,Phường Bình Trị Đông A,3,0,0,31/12/2025
6,50,Quận Bình Tân,Phường Bình Trị Đông A,2,4,3,31/12/2025
6.5,74,Quận Bình Tân,Phường Bình Hưng Hòa A,4,0,0,31/12/2025
4.6,36,Quận Bình Tân,Phường Bình Hưng Hòa,2,3,0,31/12/2025
5.5,56,Quận Tân Phú,Phường Tây Thạnh,2,5,0,31/12/2025
6.2,65,Quận Tân Phú,Phường Phú Thạnh,4,4,0,31/12/2025
6.7,68,Quận Bình Tân,Phường Bình Hưng Hòa,1,4,5,31/12/2025
4.45,25,Quận Bình Tân,Phường Bình Hưng Hòa A,1,0,0,31/12/2025
6.3,57,Quận Bình Tân,Phường Bình Hưng Hòa,2,5,0,31/12/2025
9.7,78,Quận Bình Tân,Phường Bình Hưng Hòa A,3,0,0,31/12/2025
6.8,108,Quận Bình Tân,Phường Bình Hưng Hòa B,5,4,0,31/12/2025
12,89,Quận Gò Vấp,Phường 7,4,0,0,31/12/2025
7.8,70,Quận Bình Tân,Phường Bình Hưng Hòa A,2,0,0,31/12/2025
5.4,54,Quận Bình Tân,Phường Bình Trị Đông A,2,0,0,31/12/2025
5.8,58,Quận Tân Phú,Phường Tân Sơn Nhì,5,0,0,31/12/2025
4.7,35,Quận Bình Tân,Phường Bình Hưng Hòa A,3,4,0,31/12/2025
4.2,32,Quận Tân Phú,Phường Tân Quý,2,0,0,31/12/2025
8.2,50,Quận Bình Tân,Phường Bình Hưng Hòa,4,0,0,31/12/2025
6.9,60,Quận Tân Phú,Phường Tây Thạnh,4,0,0,31/12/2025
4.98,56,Quận Bình Tân,Phường Bình Hưng Hòa B,2,0,0,31/12/2025
5.6,68,Quận Tân Phú,Phường Tây Thạnh,3,0,0,31/12/2025
4.95,46,Quận Bình Tân,Phường Bình Hưng Hòa B,2,0,0,31/12/2025
5.9,83,Quận Bình Tân,Phường Bình Hưng Hòa,6,0,0,31/12/2025
3.2,38,Quận Bình Tân,Phường An Lạc,3,2,2,31/12/2025
56,240,Thành phố Thủ Đức,Phường An Phú,1,0,0,31/12/2025
15.3,91,Quận 7,Phường Tân Thuận Tây,3,5,4,31/12/2025
15.9,157,Quận 7,Phường Bình Thuận,3,0,0,31/12/2025
3.3,76,Huyện Nhà Bè,Xã Nhơn Đức,1,2,0,31/12/2025
22,542,Huyện Nhà Bè,Xã Phú Xuân,5,0,0,31/12/2025
12.2,82,Quận Gò Vấp,Phường 16,4,0,0,31/12/2025
6.3,45,Quận Gò Vấp,Phường 11,6,4,3,31/12/2025
4.2,35,Quận Gò Vấp,Phường 7,2,5,0,31/12/2025
6.68,43,Quận Gò Vấp,Phường 5,2,5,0,31/12/2025
7.5,78,Quận Gò Vấp,Phường 17,5,3,2,31/12/2025
6.7,36,Quận Gò Vấp,Phường 1,3,2,0,31/12/2025
6.35,44,Quận Gò Vấp,Phường 8,1,3,3,31/12/2025
8.6,100,Quận Gò Vấp,Phường 11,3,8,0,31/12/2025
8.95,82,Quận Gò Vấp,Phường 8,2,4,0,31/12/2025
7.65,52,Quận Gò Vấp,Phường 12,5,3,0,31/12/2025
12.7,78,Quận Gò Vấp,Phường 5,5,14,15,31/12/2025
6,52,Quận Gò Vấp,Phường 10,2,7,0,31/12/2025
7.4,64,Quận Gò Vấp,Phường 5,1,0,0,31/12/2025
6.75,90,Quận Gò Vấp,Phường 17,6,4,0,31/12/2025
9.85,92,Quận Gò Vấp,Phường 6,3,5,6,31/12/2025
5.35,50,Quận Gò Vấp,Phường 15,3,3,3,31/12/2025
7.75,104,Quận Gò Vấp,Phường 4,1,0,0,31/12/2025
7.45,78,Quận Gò Vấp,Phường 17,4,3,0,31/12/2025
7.45,50,Quận Gò Vấp,Phường 5,3,0,0,31/12/2025
13,120,Quận Gò Vấp,Phường 3,5,0,0,31/12/2025
8.4,52,Quận Gò Vấp,Phường 6,3,4,5,31/12/2025
6.8,60,Quận Gò Vấp,Phường 1,4,5,0,31/12/2025
8.6,100,Quận Gò Vấp,Phường 10,3,6,0,31/12/2025
7.95,89,Quận Gò Vấp,Phường 11,4,4,0,31/12/2025
6.9,74,Quận Gò Vấp,Phường 7,1,0,0,31/12/2025
5.96,42,Quận Gò Vấp,Phường 12,3,0,0,31/12/2025
9.2,72,Quận Gò Vấp,Phường 5,2,0,0,31/12/2025
6.65,60,Quận Gò Vấp,Phường 17,2,0,0,31/12/2025
6.95,65,Quận Gò Vấp,Phường 8,4,4,0,31/12/2025
6.65,44,Quận Gò Vấp,Phường 5,1,5,0,31/12/2025
6.85,50,Quận Gò Vấp,Phường 11,4,3,3,31/12/2025
8.2,68,Quận Gò Vấp,Phường 8,3,4,0,31/12/2025
8.85,72,Quận Gò Vấp,Phường 6,4,4,5,31/12/2025
12.45,125,Quận Gò Vấp,Phường 3,2,0,0,31/12/2025
9.45,80,Quận Gò Vấp,Phường 3,7,0,0,31/12/2025
4.98,40,Quận Gò Vấp,Phường 12,4,4,0,31/12/2025
9.2,78,Quận Gò Vấp,Phường 11,2,0,0,31/12/2025
6.85,76,Quận Gò Vấp,Phường 8,1,4,5,31/12/2025
8.98,84,Quận Gò Vấp,Phường 12,2,4,5,31/12/2025
7.55,76,Quận Gò Vấp,Phường 11,2,4,0,31/12/2025
5.65,44,Quận Gò Vấp,Phường 10,1,0,0,31/12/2025
6.4,52,Quận Gò Vấp,Phường 3,1,2,2,31/12/2025
5.4,48,Quận Gò Vấp,Phường 5,1,3,0,31/12/2025
6.15,44,Quận Gò Vấp,Phường 16,2,0,0,31/12/2025
8.8,76,Quận Gò Vấp,Phường 11,1,6,0,31/12/2025
13.85,114,Quận Gò Vấp,Phường 3,1,0,0,31/12/2025
8.2,90,Quận Gò Vấp,Phường 11,1,4,0,31/12/2025
6.7,50,Quận Gò Vấp,Phường 12,1,4,4,31/12/2025
19.3,90,Quận Gò Vấp,Phường 7,3,0,0,31/12/2025
6.3,60,Quận Gò Vấp,Phường 11,2,5,0,31/12/2025
6.8,64,Quận Gò Vấp,Phường 11,2,4,0,31/12/2025
8.099,76,Quận Gò Vấp,Phường 12,2,0,0,31/12/2025
5.9,48,Quận Gò Vấp,Phường 16,1,4,0,31/12/2025
5.6,50,Quận Gò Vấp,Phường 16,1,4,3,31/12/2025
9.95,66,Quận Phú Nhuận,Phường 5,5,6,0,31/12/2025
5.88,44,Quận Gò Vấp,Phường 17,4,2,3,31/12/2025
8.5,75,Quận Gò Vấp,Phường 16,3,6,0,31/12/2025
8.6,122,Quận Gò Vấp,Phường 12,5,5,0,31/12/2025
6.3,54,Quận Gò Vấp,Phường 5,2,7,4,31/12/2025
6.58,45,Quận Gò Vấp,Phường 3,1,0,0,31/12/2025
6.6,54,Quận Gò Vấp,Phường 3,3,0,0,31/12/2025
9.45,100,Quận Gò Vấp,Phường 11,2,12,0,31/12/2025
5.4,48,Quận Gò Vấp,Phường 1,5,3,2,31/12/2025
9.65,94,Quận Gò Vấp,Phường 4,2,11,0,31/12/2025
10,75,Quận Gò Vấp,Phường 6,3,7,0,31/12/2025
5.85,48,Quận Gò Vấp,Phường 16,1,4,3,31/12/2025
8.2,76,Quận Gò Vấp,Phường 12,3,0,0,31/12/2025
9.5,60,Quận Bình Thạnh,Phường 11,2,7,7,31/12/2025
5,40,Quận Gò Vấp,Phường 10,1,2,2,31/12/2025
5.78,61,Quận Gò Vấp,Phường 10,1,4,5,31/12/2025
9.9,80,Quận Gò Vấp,Phường 3,2,0,0,31/12/2025
7.05,55,Thành phố Thủ Đức,Phường Hiệp Bình Phước,2,4,0,31/12/2025
5.3,70,Quận Gò Vấp,Phường 3,2,5,0,31/12/2025
9.2,54,Quận Gò Vấp,Phường 6,3,0,0,31/12/2025
8.4,90,Quận Gò Vấp,Phường 11,3,0,0,31/12/2025
9.5,61,Thành phố Thủ Đức,Phường Hiệp Bình Phước,4,4,4,31/12/2025
7.3,60,Quận Gò Vấp,Phường 8,5,4,4,31/12/2025
11.5,101,Thành phố Thủ Đức,Phường Hiệp Bình Chánh,2,0,0,31/12/2025
7.3,75,Quận Gò Vấp,Phường 3,2,4,3,31/12/2025
8.7,96,Quận Gò Vấp,Phường 8,4,8,0,31/12/2025
7.8,88,Thành phố Thủ Đức,Phường Linh Xuân,1,3,4,31/12/2025
10.6,110,Quận Gò Vấp,Phường 11,3,0,0,31/12/2025
7.25,46,Quận Gò Vấp,Phường 10,3,3,0,31/12/2025
3.55,56,Thành phố Thủ Đức,Phường Tam Bình,3,0,0,31/12/2025
6.1,50,Quận Gò Vấp,Phường 16,1,4,0,31/12/2025
7.5,56,Quận Gò Vấp,Phường 3,1,0,0,31/12/2025
8.5,76,Thành phố Thủ Đức,Phường Trường Thọ,3,4,5,31/12/2025
6.8,50,Thành phố Thủ Đức,Phường Hiệp Bình Chánh,3,2,0,31/12/2025
7.48,60,Quận Gò Vấp,Phường 9,2,4,0,31/12/2025
9.85,60,Quận Gò Vấp,Phường 1,1,5,5,31/12/2025
12.99,120,Quận Gò Vấp,Phường 3,1,0,0,31/12/2025
7.3,46,Quận Gò Vấp,Phường 10,5,3,0,31/12/2025
6.1,64,Thành phố Thủ Đức,Phường Linh Tây,2,0,0,31/12/2025
9.85,60,Quận Gò Vấp,Phường 3,4,5,5,31/12/2025
6.65,56,Quận Gò Vấp,Phường 6,1,4,0,31/12/2025
7.2,64,Thành phố Thủ Đức,Đường D1,3,0,0,31/12/2025
7.45,56,Quận Gò Vấp,Phường 5,3,0,0,31/12/2025
8,69,Thành phố Thủ Đức,Phường Linh Đông,3,0,0,31/12/2025
7.8,76,Thành phố Thủ Đức,Đường D1,1,0,0,31/12/2025
8.4,78,Quận Gò Vấp,Phường 5,5,5,0,31/12/2025
4,45,Thành phố Thủ Đức,Phường Hiệp Bình Chánh,1,0,0,31/12/2025
9.5,97,Thành phố Thủ Đức,Phường Linh Đông,2,0,0,31/12/2025
6.5,32,Quận 10,Phường 15,4,0,0,31/12/2025
9.57,86,Thành phố Thủ Đức,Phường Phước Long A,2,0,0,31/12/2025
9.8,224,Thành phố Thủ Đức,Phường Long Thạnh Mỹ,2,0,0,31/12/2025
3.099,62,Quận Phú Nhuận,Phường 4,5,3,0,31/12/2025
2.55,30,Quận Gò Vấp,Phường 10,2,0,0,31/12/2025
3.9,60,Quận Bình Thạnh,Phường 7,1,0,2,31/12/2025
3.95,56,Quận Phú Nhuận,Phường 5,3,0,0,31/12/2025
3.05,72,Quận Bình Thạnh,Phường 5,3,4,0,31/12/2025
3.45,35,Quận Bình Thạnh,Phường 11,2,4,0,31/12/2025
3.95,122,Quận Gò Vấp,Phường 11,4,2,0,31/12/2025
3.6,36,Quận Phú Nhuận,Phường 1,1,0,0,31/12/2025
3.65,30,Quận Tân Bình,Phường 10,3,3,3,31/12/2025
7.49,44,Quận Bình Thạnh,Phường 5,1,0,0,31/12/2025
3.4,30,Quận Bình Tân,Phường Bình Trị Đông,4,0,0,31/12/2025
7.4,72,Quận Bình Thạnh,Phường 11,4,4,0,31/12/2025
3.3,65,Quận Gò Vấp,Phường 10,4,0,0,31/12/2025
6.8,36,Quận Bình Thạnh,Phường 11,2,5,3,31/12/2025
2.75,30,Quận Gò Vấp,Phường 10,2,0,0,31/12/2025
3.2,24,Quận Tân Phú,Phường Phú Trung,2,0,0,31/12/2025
5.68,56,Quận Tân Phú,Phường Tân Sơn Nhì,1,0,0,31/12/2025
2.95,64,Quận Gò Vấp,Phường 10,2,2,0,31/12/2025
3.8,70,Quận Bình Thạnh,Phường 12,6,0,0,31/12/2025
5.3,50,Quận Phú Nhuận,Phường 5,1,0,0,31/12/2025
6.1,46,Quận Bình Thạnh,Phường 5,2,0,0,31/12/2025
3.99,32,Quận Gò Vấp,Phường 10,4,3,0,31/12/2025
3.55,30,Quận Gò Vấp,Phường 5,2,2,2,31/12/2025
5.6,50,Quận Gò Vấp,Phường 3,2,0,0,31/12/2025
19.35,100,Quận Bình Thạnh,Phường 11,5,0,0,31/12/2025
6,40,Quận Bình Thạnh,Phường 7,2,0,0,31/12/2025
7.7,56,Quận Bình Thạnh,Phường 6,3,5,0,31/12/2025
20.5,130,Quận Bình Thạnh,Phường 6,1,3,0,31/12/2025
11,76,Quận Bình Thạnh,Phường 13,5,0,0,31/12/2025
120,192,Quận 1,Phường Nguyễn Thái Bình,3,0,0,31/12/2025
5.1,45,Quận Bình Thạnh,Phường 11,3,3,3,31/12/2025
6,94,Quận Bình Thạnh,Phường 5,6,0,3,31/12/2025
5.95,35,Quận Phú Nhuận,Phường 4,7,0,0,31/12/2025
12.55,420,Quận Bình Thạnh,Phường 11,3,0,0,31/12/2025
11.3,70,Quận 3,Phường 12,4,4,0,31/12/2025
69,198,Quận 1,Phường Nguyễn Thái Bình,1,0,0,31/12/2025
12.5,84,Quận Tân Phú,Phường Tân Sơn Nhì,4,0,0,31/12/2025
12,76,Quận Phú Nhuận,Phường 14,4,5,4,31/12/2025
5.95,35,Quận Phú Nhuận,Phường 4,4,0,0,31/12/2025
5.2,38,Quận Gò Vấp,Phường 4,3,2,0,31/12/2025
2.21,1.3,Huyện Hóc Môn,Thị trấn Hóc Môn,3,0,0,31/12/2025
2.21,1.3,Huyện Hóc Môn,Thị trấn Hóc Môn,4,0,0,31/12/2025
7.6,66,Quận Phú Nhuận,Phường 5,3,2,0,31/12/2025
7.6,66,Quận Phú Nhuận,Phường 5,3,2,3,31/12/2025
12.5,84,Quận Tân Phú,Phường Tân Sơn Nhì,3,5,5,31/12/2025
4.95,89,Quận Phú Nhuận,Phường 5,2,0,0,31/12/2025
3.95,32,Quận Gò Vấp,Phường 3,5,0,0,31/12/2025
22,110,Quận Bình Thạnh,Phường 13,3,0,0,31/12/2025
19,87,Quận Tân Bình,Phường 14,3,12,12,31/12/2025
25,120,Quận Bình Thạnh,Phường 14,2,7,0,31/12/2025
33,200,Quận Phú Nhuận,Phường 5,3,5,6,31/12/2025
7.75,68,Quận Tân Bình,Phường 15,3,0,0,31/12/2025
8.85,71,Quận Tân Bình,Phường 15,3,0,0,31/12/2025
6.73,73,Quận Tân Bình,Phường 15,2,0,0,31/12/2025
10.7,63,Quận Tân Bình,Phường 15,1,0,0,31/12/2025
9.55,60,Quận Tân Phú,Phường Tân Thành,1,1,0,31/12/2025
6.5,86,Quận Tân Bình,Phường 15,2,0,0,31/12/2025
5.1,63,Quận Tân Bình,Phường 15,2,0,0,31/12/2025
5.1,63,Quận Tân Bình,Phường 15,1,0,0,31/12/2025
6.95,83,Quận Tân Bình,Phường 15,3,0,0,31/12/2025
11,93,Quận Tân Bình,Phường 15,1,0,0,31/12/2025
5.87,75,Quận Tân Bình,Phường 15,4,3,0,31/12/2025
5.7,60,Quận Tân Bình,Phường 15,3,0,0,31/12/2025
9.4,76,Quận Tân Phú,Phường Tân Quý,1,5,0,31/12/2025
8.69,87,Quận Tân Phú,Phường Tân Thành,1,0,0,31/12/2025
8.65,60,Quận Tân Phú,Phường Tân Sơn Nhì,2,0,0,31/12/2025
9.47,60,Quận Tân Bình,Phường 15,3,0,0,31/12/2025
8.6,65,Quận Tân Bình,Phường 15,5,0,0,31/12/2025
7.15,80,Quận Tân Phú,Phường Tân Thành,4,0,0,31/12/2025
8.45,60,Quận Tân Phú,Phường Tân Sơn Nhì,3,0,0,31/12/2025
9.5,77,Quận Tân Phú,Phường Tân Thành,2,0,0,31/12/2025
6.77,69,Quận Tân Phú,Phường Tân Thành,4,0,0,31/12/2025
8.87,79,Quận Tân Bình,Phường 14,2,0,0,31/12/2025
6.7,57,Quận Tân Bình,Phường 15,3,5,0,31/12/2025
13.5,60,Quận Tân Bình,Phường 14,1,0,0,31/12/2025
6.29,65,Quận Tân Phú,Phường Tân Quý,3,0,0,31/12/2025
7.5,67,Quận Tân Bình,Phường 15,4,4,5,31/12/2025
10.5,60,Quận Tân Phú,Phường Tân Sơn Nhì,1,0,0,31/12/2025
11.7,99,Quận Tân Bình,Phường 14,5,0,0,31/12/2025
6.77,74,Quận Tân Phú,Phường Tân Thành,3,0,0,31/12/2025
8.79,76,Quận Tân Phú,Phường Tân Thành,4,5,0,31/12/2025
6.75,68,Quận Tân Phú,Phường Tân Thành,3,0,0,31/12/2025
7.4,65,Quận Tân Bình,Phường 15,7,0,0,31/12/2025
8.77,75,Quận Tân Phú,Phường Tân Thành,3,0,0,31/12/2025
11.79,96,Quận Tân Bình,Phường 14,3,6,0,31/12/2025
11.7,95,Quận Tân Bình,Phường 14,1,6,0,31/12/2025
8.9,85,Quận Tân Bình,Phường 14,3,4,0,31/12/2025
8.1,75,Quận Tân Bình,Phường 15,5,0,0,31/12/2025
8.65,85,Quận Tân Phú,Phường Tân Thành,3,0,0,31/12/2025
12.9,83,Quận Tân Bình,Phường 14,2,0,0,31/12/2025
6.25,80,Quận Tân Bình,Phường 15,2,0,0,31/12/2025
6.9,57,Quận Tân Bình,Phường 15,3,0,0,31/12/2025
5.27,65,Quận Tân Bình,Phường 15,4,0,0,31/12/2025
8.9,104,Quận Tân Bình,Phường 15,4,0,0,31/12/2025
12.95,70,Quận Tân Bình,Phường 14,3,0,0,31/12/2025
8.75,63,Quận Tân Bình,Phường 15,4,5,5,31/12/2025
5.8,40,Quận Tân Bình,Phường 15,3,0,0,31/12/2025
6.95,68,Quận Tân Bình,Phường 15,2,0,0,31/12/2025
8.2,57,Quận Tân Bình,Phường 15,1,0,0,31/12/2025
7.5,57,Quận Tân Bình,Phường 15,1,0,0,31/12/2025
11.95,70,Quận Tân Bình,Phường 15,4,0,0,31/12/2025
5.65,64,Quận Tân Bình,Phường 15,4,0,0,31/12/2025
6.9,56,Quận Tân Bình,Phường 15,2,0,0,31/12/2025
11.9,100,Quận Tân Bình,Phường 14,5,0,0,31/12/2025
10.5,87,Quận Tân Bình,Phường 15,5,0,0,31/12/2025
3.95,75,Quận Tân Bình,Phường 15,2,0,0,31/12/2025
6.95,75,Quận Tân Bình,Phường 15,3,0,0,31/12/2025
6.45,44,Quận Bình Thạnh,Phường 11,4,3,2,31/12/2025
9.35,57,Quận Tân Phú,Phường Phú Trung,2,5,0,31/12/2025
7.5,63,Quận Tân Bình,Phường 15,2,0,0,31/12/2025
16,70,Quận Tân Bình,Phường 14,2,0,0,31/12/2025
5.55,75,Quận Tân Bình,Phường 15,1,0,0,31/12/2025
6.99,80,Quận Tân Bình,Phường 15,1,0,0,31/12/2025
7.4,57,Quận Tân Bình,Phường 15,6,4,5,31/12/2025
13.5,72,Quận Tân Bình,Phường 12,3,5,4,31/12/2025
8.8,73,Quận Tân Bình,Phường 14,1,0,0,31/12/2025
5.87,40,Quận Tân Bình,Phường 15,3,0,0,31/12/2025
6.7,63,Quận Tân Bình,Phường 15,2,6,0,31/12/2025
7.45,90,Quận Tân Bình,Phường 15,1,0,0,31/12/2025
5.85,40,Quận Tân Bình,Phường 15,3,0,0,31/12/2025
7.5,54,Quận Tân Bình,Phường 15,5,0,0,31/12/2025
5.95,56,Quận Tân Bình,Phường 15,4,0,0,31/12/2025
11.5,99,Quận Tân Bình,Phường 14,3,0,0,31/12/2025
7.5,65,Quận Tân Bình,Phường 15,4,0,0,31/12/2025
6.45,80,Quận Tân Bình,Phường 15,4,0,0,31/12/2025
6.5,84,Quận Tân Bình,Phường 15,4,0,0,31/12/2025
13.6,55,Quận Tân Bình,Phường 14,3,0,0,31/12/2025
13.9,60,Quận Tân Bình,Phường 14,4,0,0,31/12/2025
6.65,60,Quận Tân Bình,Phường 15,4,0,0,31/12/2025
12.7,81,Quận Tân Bình,Phường 14,1,0,0,31/12/2025
9.6,64,Quận Tân Phú,Phường Tân Sơn Nhì,3,0,0,31/12/2025
6.75,71,Quận Tân Phú,Phường Tân Thành,1,0,0,31/12/2025
12.89,79,Quận Tân Bình,Phường 14,1,0,0,31/12/2025
4.6,90,Quận Gò Vấp,Phường 1,2,0,0,31/12/2025
6.19,60,Quận Tân Bình,Phường 15,5,0,0,31/12/2025
7.49,73,Quận Tân Bình,Phường 15,3,0,0,31/12/2025
10.3,64,Quận Tân Phú,Phường Tân Sơn Nhì,3,0,0,31/12/2025
9.15,70,Quận Tân Bình,Phường 14,3,3,3,31/12/2025
7.45,88,Quận Tân Bình,Phường 15,2,0,0,31/12/2025
7.55,68,Quận Tân Bình,Phường 15,1,0,0,31/12/2025
7.5,67,Quận Tân Bình,Phường 15,4,0,0,31/12/2025
5.25,65,Quận Tân Bình,Phường 15,1,0,0,31/12/2025
5.35,67,Quận Tân Bình,Phường 15,1,0,0,31/12/2025
5.65,56,Quận Tân Bình,Phường 15,1,0,0,31/12/2025
7.45,64,Quận Tân Bình,Phường 15,2,4,5,31/12/2025
11.8,80,Quận Tân Bình,Phường 15,4,0,0,31/12/2025
8.6,83,Quận Tân Phú,Phường Tân Thành,1,0,0,31/12/2025
9.39,70,Quận Tân Phú,Phường Tân Quý,1,5,0,31/12/2025
7.5,70,Quận Tân Phú,Phường Tân Sơn Nhì,1,0,0,31/12/2025
8.67,85,Quận Tân Phú,Phường Tân Quý,4,0,0,31/12/2025
4.6,40,Quận Tân Bình,Phường 15,6,0,0,31/12/2025
9.55,68,Quận Tân Bình,Phường 14,5,4,4,31/12/2025
8.67,87,Quận Tân Phú,Phường Tân Thành,5,0,0,31/12/2025
8.45,60,Quận Tân Bình,Phường 15,1,4,5,31/12/2025
6.5,80,Quận Tân Phú,Phường Tân Quý,4,0,0,31/12/2025
4.7,57,Quận Tân Bình,Phường 15,1,3,0,31/12/2025
6.89,60,Quận Tân Bình,Phường 15,1,4,5,31/12/2025
7.48,78,Quận Tân Phú,Phường Tân Sơn Nhì,2,0,0,31/12/2025
7.99,50,Quận Tân Bình,Phường 15,2,0,0,31/12/2025
7.97,53,Quận Tân Bình,Phường 15,2,0,0,31/12/2025
13.7,59,Quận Tân Bình,Phường 14,4,0,0,31/12/2025
7.65,72,Quận Tân Phú,Phường Tân Thành,3,0,0,31/12/2025
9.6,82,Quận Tân Phú,Phường Tân Sơn Nhì,4,0,0,31/12/2025
12.45,131,Quận Tân Bình,Phường 15,6,0,0,31/12/2025
9.55,78,Quận Tân Phú,Phường Tân Sơn Nhì,4,0,0,31/12/2025
6.19,40,Quận Tân Bình,Phường 15,1,0,0,31/12/2025
8.7,67,Quận Tân Bình,Phường 15,2,5,5,31/12/2025
8.55,64,Quận Tân Phú,Phường Hòa Thạnh,2,0,0,31/12/2025
7.47,84,Quận Tân Phú,Phường Tân Sơn Nhì,1,0,0,31/12/2025
9.05,85,Quận Tân Bình,Phường 15,4,5,0,31/12/2025
0.009999,80,Quận Tân Phú,Phường Tân Thành,2,5,6,31/12/2025
8.75,76,Quận Tân Phú,Phường Tân Thành,3,5,0,31/12/2025
6.25,76,Quận Tân Bình,Phường 15,1,0,0,31/12/2025
8.5,68,Quận Tân Phú,Phường Tân Quý,3,0,0,31/12/2025
6.75,81,Quận Tân Bình,Phường 15,1,0,0,31/12/2025
4.89,60,Quận Tân Bình,Phường 15,2,0,0,31/12/2025
7.97,53,Quận Tân Bình,Phường 15,1,0,0,31/12/2025
13.7,59,Quận Tân Bình,Phường 14,4,0,0,31/12/2025
7.65,72,Quận Tân Phú,Phường Tân Thành,5,0,0,31/12/2025
9.6,82,Quận Tân Phú,Phường Tân Sơn Nhì,4,0,0,31/12/2025
12.45,131,Quận Tân Bình,Phường 15,3,0,0,31/12/2025
9.55,78,Quận Tân Phú,Phường Tân Sơn Nhì,2,0,0,31/12/2025
6.19,40,Quận Tân Bình,Phường 15,3,0,0,31/12/2025
8.7,67,Quận Tân Bình,Phường 15,2,5,5,31/12/2025
8.55,64,Quận Tân Phú,Phường Hòa Thạnh,10,0,0,31/12/2025
7.47,84,Quận Tân Phú,Phường Tân Sơn Nhì,3,0,0,31/12/2025
9.05,85,Quận Tân Bình,Phường 15,4,5,0,31/12/2025
0.009999,80,Quận Tân Phú,Phường Tân Thành,3,5,6,31/12/2025
8.75,76,Quận Tân Phú,Phường Tân Thành,2,5,0,31/12/2025
6.25,76,Quận Tân Bình,Phường 15,2,0,0,31/12/2025
8.5,68,Quận Tân Phú,Phường Tân Quý,4,0,0,31/12/2025
6.75,81,Quận Tân Bình,Phường 15,2,0,0,31/12/2025
4.89,60,Quận Tân Bình,Phường 15,3,0,0,31/12/2025
8.99,53,Quận Tân Bình,Phường 13,2,0,0,31/12/2025
8.89,65,Quận Tân Bình,Phường 15,1,3,3,31/12/2025
8.29,75,Quận Tân Phú,Phường Hiệp Tân,2,0,0,31/12/2025
11.3,97,Quận Tân Bình,Phường 14,3,0,0,31/12/2025
9.25,95,Quận Tân Phú,Phường Tân Quý,4,0,0,31/12/2025
6.75,75,Quận Tân Bình,Phường 15,1,0,0,31/12/2025
5.49,108,Quận 12,Phường Tân Hưng Thuận,3,0,0,31/12/2025
5.83,40,Quận Tân Bình,Phường 15,1,0,0,31/12/2025
2.3,45,Quận 3,Phường 1,7,1,1,31/12/2025
4.8,100,Quận 12,Phường Thạnh Xuân,5,0,0,31/12/2025
42,720,Quận 12,Phường Thới An,1,0,0,31/12/2025
16,110,Quận 12,Phường Thạnh Lộc,2,8,9,31/12/2025
54,1.2,Quận 12,Phường Thới An,2,0,0,31/12/2025
42,720,Quận 12,Phường Thới An,5,0,0,31/12/2025
7.1,125,Quận Bình Tân,Phường Tân Tạo,2,0,0,31/12/2025
7.1,125,Quận Bình Tân,Phường Tân Tạo,1,4,5,31/12/2025
42,720,Quận 12,Phường Thới An,3,0,0,31/12/2025
17,110,Quận 12,Phường Thạnh Lộc,2,8,9,31/12/2025
42,720,Quận 12,Phường Thới An,1,0,0,31/12/2025
7,125,Quận Bình Tân,Phường Tân Tạo,2,4,5,31/12/2025
7.1,100,Quận Bình Tân,Phường Tân Tạo,2,0,0,31/12/2025
42,720,Quận 12,Phường Thới An,5,0,0,31/12/2025
7.1,80,Quận Bình Tân,Phường Tân Tạo,2,0,0,31/12/2025
7.1,125,Quận Bình Tân,Phường Tân Tạo,2,4,5,31/12/2025
7.1,80,Quận Bình Tân,Phường Tân Tạo,2,0,0,31/12/2025
17,110,Quận 12,Phường Thạnh Lộc,4,8,9,31/12/2025
17,110,Quận 12,Phường Thạnh Lộc,6,8,9,31/12/2025
6.5,125,Quận 12,Phường Thạnh Xuân,3,0,0,31/12/2025
42,720,Quận 12,Phường Thới An,2,0,0,31/12/2025
6.5,125,Quận 12,Phường Thạnh Xuân,1,0,0,31/12/2025
7.1,125,Quận Bình Tân,Phường Tân Tạo,3,4,5,31/12/2025
7.4,54,Quận 12,Phường Thới An,1,0,0,31/12/2025
17,110,Quận 12,Phường Thạnh Lộc,6,8,9,31/12/2025
6.5,125,Quận 12,Phường Thạnh Xuân,2,0,0,31/12/2025
17,110,Quận 12,Phường Thạnh Lộc,2,8,9,31/12/2025
0.045,1.2,Quận 12,Phường Thới An,5,0,0,31/12/2025
7,125,Quận Bình Tân,Phường Tân Tạo,6,0,0,31/12/2025
16,110,Quận 12,Phường Thạnh Lộc,2,8,9,31/12/2025
6.5,125,Quận 12,Phường Thạnh Xuân,3,0,0,31/12/2025
42,720,Quận 12,Phường Thới An,6,0,0,31/12/2025
16,110,Quận 12,Phường Thạnh Lộc,2,0,0,31/12/2025
4,30,Quận Gò Vấp,Phường 12,2,3,3,31/12/2025
6.75,81,Thành phố Thủ Đức,Phường Phước Long B,5,0,0,31/12/2025
12.6,90,Thành phố Thủ Đức,Phường Phước Long B,3,3,4,31/12/2025
6.9,60,Thành phố Thủ Đức,Phường Tăng Nhơn Phú A,3,0,0,31/12/2025
10.5,141,Thành phố Thủ Đức,Phường Bình Trưng Tây,5,3,2,31/12/2025
6.1,79,Thành phố Thủ Đức,Phường Bình Thọ,1,0,0,31/12/2025
4.35,97,Thành phố Thủ Đức,Phường Trường Thạnh,3,0,0,31/12/2025
6.35,52,Thành phố Thủ Đức,Phường Long Thạnh Mỹ,3,4,3,31/12/2025
6.5,64,Thành phố Thủ Đức,Phường Tăng Nhơn Phú B,2,4,3,31/12/2025
5.85,65,Quận 12,Phường Hiệp Thành,2,6,6,31/12/2025
5.75,38,Quận 8,Phường 6,1,3,2,31/12/2025
6.25,50,Quận 8,Phường 13,1,4,5,31/12/2025
5.45,44,Huyện Bình Chánh,Xã Bình Hưng,3,1,2,31/12/2025
5.5,52,Quận 8,Phường 3,4,2,2,31/12/2025
4.2,43,Quận 8,Phường 3,2,2,2,31/12/2025
4.88,56,Quận 8,Phường 9,2,3,2,31/12/2025
5.79,37,Quận 8,Phường 5,2,4,3,31/12/2025
6.4,60,Quận 8,Phường 3,3,0,0,31/12/2025
9.99,60,Quận 8,Phường 13,3,3,3,31/12/2025
4.88,67,Quận 8,Phường 5,4,3,2,31/12/2025
6.95,49,Quận 8,Phường 2,1,3,3,31/12/2025
7.7,55,Quận 8,Phường 4,5,2,0,31/12/2025
3.8,35,Quận 7,Phường Phú Thuận,3,2,0,31/12/2025
7.9,48,Quận 8,Phường 5,2,4,3,31/12/2025
6.95,86,Quận 8,Phường 4,2,4,3,31/12/2025
5.95,41,Quận 8,Phường 3,3,4,3,31/12/2025
8.2,48,Quận 8,Phường 5,4,4,3,31/12/2025
7.7,57,Quận 8,Phường 10,2,0,0,31/12/2025
4.6,39,Quận 8,Phường 1,2,2,1,31/12/2025
3.58,24,Quận 8,Phường 3,1,0,2,31/12/2025
6.97,72,Quận 8,Phường 3,3,3,2,31/12/2025
5.28,23,Quận 8,Phường 2,5,0,0,31/12/2025
4.86,44,Quận 8,Phường 4,2,3,3,31/12/2025
7.9,56,Quận 8,Phường 6,5,2,2,31/12/2025
4.2,53,Quận 8,Phường 15,5,2,2,31/12/2025
5.5,34,Quận 8,Phường 2,5,2,2,31/12/2025
3.78,29,Quận 8,Phường 3,1,3,3,31/12/2025
4.68,40,Quận 8,Phường 2,1,2,2,31/12/2025
6.4,38,Quận 8,Phường 2,1,3,3,31/12/2025
4.98,46,Quận 8,Phường 5,3,2,2,31/12/2025
5.5,36,Quận 8,Phường 5,5,3,3,31/12/2025
5.18,42,Quận 8,Phường 3,1,2,2,31/12/2025
9.5,146,Thành phố Thủ Đức,Phường Linh Xuân,4,1,1,31/12/2025
31,600,Thành phố Thủ Đức,Phường Long Thạnh Mỹ,1,55,0,31/12/2025
11.2,130,Thành phố Thủ Đức,Phường Hiệp Phú,4,0,0,31/12/2025
6.2,91,Quận 8,Phường 6,5,3,3,31/12/2025
27,461,Thành phố Thủ Đức,Phường Linh Đông,3,4,4,31/12/2025
4.6,65,Quận 8,Phường 14,1,1,2,31/12/2025
24,394,Thành phố Thủ Đức,Phường Hiệp Phú,3,42,0,31/12/2025
5.2,55,Quận 8,Phường 3,1,3,2,31/12/2025
4.98,40,Quận 8,Phường 12,2,3,2,31/12/2025
8.3,70,Thành phố Thủ Đức,Phường Hiệp Bình Phước,1,0,0,31/12/2025
18.5,149,Thành phố Thủ Đức,Phường Linh Trung,4,0,0,31/12/2025
5.05,46,Quận 8,Phường 5,6,2,2,31/12/2025
100,1.186,Thành phố Thủ Đức,Phường Tăng Nhơn Phú B,3,0,0,31/12/2025
5.5,41,Quận 8,Phường 3,8,4,3,31/12/2025
21.5,163,Thành phố Thủ Đức,Phường Bình Trưng Đông,2,2,0,31/12/2025
5.2,28,Quận 8,Phường 4,2,2,2,31/12/2025
4.45,31,Quận 8,Phường 5,2,2,0,31/12/2025
19.5,176,Thành phố Thủ Đức,Phường Phước Long B,2,4,4,31/12/2025
23.5,374,Thành phố Thủ Đức,Phường Linh Trung,3,0,0,31/12/2025
5.98,51,Quận 8,Phường 5,2,5,0,31/12/2025
11,104,Thành phố Thủ Đức,Phường Linh Đông,1,10,0,31/12/2025
7.3,54,Quận 8,Phường 12,3,4,3,31/12/2025
28.2,160,Quận 8,Phường 4,1,6,4,31/12/2025
6.6,48,Quận 8,Phường 4,7,4,4,31/12/2025
8.9,76,Quận 8,Phường 13,2,5,6,31/12/2025
310,1.404,Thành phố Thủ Đức,Phường Tăng Nhơn Phú A,2,2,0,31/12/2025
5.28,69,Quận 8,Phường 15,3,3,3,31/12/2025
17.5,156,Thành phố Thủ Đức,Phường Hiệp Bình Chánh,2,4,0,31/12/2025
4.78,39,Quận 8,Phường 1,2,2,2,31/12/2025
6.5,62,Quận 8,Phường 4,2,2,2,31/12/2025
14,163,Thành phố Thủ Đức,Phường Linh Đông,2,4,0,31/12/2025
4.35,30,Quận 8,Phường 5,2,2,2,31/12/2025
65,56,Quận 8,Phường 1,3,2,2,31/12/2025
3.8,34,Quận 8,Phường 10,4,2,2,31/12/2025
5.8,60,Thành phố Thủ Đức,Phường Linh Tây,1,0,0,31/12/2025
4.66,44,Quận 8,Phường 3,2,0,0,31/12/2025
8.9,106,Thành phố Thủ Đức,Phường Phước Long B,2,3,2,31/12/2025
17,216,Thành phố Thủ Đức,Phường Tam Bình,4,0,0,31/12/2025
10,156,Thành phố Thủ Đức,Phường Linh Xuân,2,4,3,31/12/2025
5.98,51,Quận 8,Phường 5,2,5,0,31/12/2025
11,104,Thành phố Thủ Đức,Phường Linh Đông,2,10,0,31/12/2025
7.3,54,Quận 8,Phường 12,3,4,3,31/12/2025
28.2,160,Quận 8,Phường 4,3,6,4,31/12/2025
6.6,48,Quận 8,Phường 4,3,4,4,31/12/2025
8.9,76,Quận 8,Phường 13,1,5,6,31/12/2025
310,1.404,Thành phố Thủ Đức,Phường Tăng Nhơn Phú A,1,2,0,31/12/2025
5.28,69,Quận 8,Phường 15,3,3,3,31/12/2025
17.5,156,Thành phố Thủ Đức,Phường Hiệp Bình Chánh,2,4,0,31/12/2025
4.78,39,Quận 8,Phường 1,3,2,2,31/12/2025
6.5,62,Quận 8,Phường 4,2,2,2,31/12/2025
14,163,Thành phố Thủ Đức,Phường Linh Đông,1,4,0,31/12/2025
4.35,30,Quận 8,Phường 5,2,2,2,31/12/2025
65,56,Quận 8,Phường 1,1,2,2,31/12/2025
3.8,34,Quận 8,Phường 10,4,2,2,31/12/2025
5.8,60,Thành phố Thủ Đức,Phường Linh Tây,3,0,0,31/12/2025
4.66,44,Quận 8,Phường 3,3,0,0,31/12/2025
8.9,106,Thành phố Thủ Đức,Phường Phước Long B,1,3,2,31/12/2025
17,216,Thành phố Thủ Đức,Phường Tam Bình,1,0,0,31/12/2025
10,156,Thành phố Thủ Đức,Phường Linh Xuân,1,4,3,31/12/2025
5.25,35,Quận 8,Phường 1,2,2,3,31/12/2025
55.2,240,Thành phố Thủ Đức,Phường Hiệp Bình Chánh,4,0,0,31/12/2025
8.3,58,Quận 8,Phường 4,1,6,4,31/12/2025
20,120,Thành phố Thủ Đức,Phường Hiệp Bình Chánh,5,4,0,31/12/2025
5.6,75,Thành phố Thủ Đức,Phường Linh Xuân,2,3,0,31/12/2025
18.9,120,Thành phố Thủ Đức,Phường Tăng Nhơn Phú A,1,0,0,31/12/2025
9,48,Quận 8,Phường 6,4,4,3,31/12/2025
7.28,74,Quận 8,Phường 4,3,6,7,31/12/2025
11.3,138,Thành phố Thủ Đức,Phường Linh Đông,4,4,2,31/12/2025
4.7,69,Thành phố Thủ Đức,Phường Linh Xuân,3,3,3,31/12/2025
20,229,Thành phố Thủ Đức,Phường Linh Đông,3,16,0,31/12/2025
19,130,Thành phố Thủ Đức,Phường Linh Trung,6,6,3,31/12/2025
7.8,106,Thành phố Thủ Đức,Phường Linh Xuân,4,0,0,31/12/2025
13,97,Thành phố Thủ Đức,Phường Trường Thọ,4,3,5,31/12/2025
9.8,64,Quận 8,Phường 1,3,5,4,31/12/2025
39.9,320,Thành phố Thủ Đức,Phường Trường Thọ,1,36,0,31/12/2025
8.8,100,Thành phố Thủ Đức,Phường Tăng Nhơn Phú A,2,4,0,31/12/2025
6.95,53,Quận 8,Phường 1,3,4,4,31/12/2025
8.9,106,Quận 8,Phường 14,1,5,3,31/12/2025
32,294,Thành phố Thủ Đức,Phường Hiệp Bình Phước,4,0,0,31/12/2025
80,550,Thành phố Thủ Đức,Phường Linh Đông,3,0,0,31/12/2025
6,90,Thành phố Thủ Đức,Phường Tăng Nhơn Phú B,2,3,2,31/12/2025
7,62,Thành phố Thủ Đức,Phường Tăng Nhơn Phú A,2,3,3,31/12/2025
4,74,Thành phố Thủ Đức,Phường Long Thạnh Mỹ,2,2,0,31/12/2025
3.1,380,Huyện Củ Chi,Xã Phạm Văn Cội,3,0,0,31/12/2025
20.5,3.266,Huyện Củ Chi,Xã Hòa Phú,2,0,0,31/12/2025
7.4,64,Quận Bình Tân,Phường Bình Hưng Hòa A,2,5,5,31/12/2025
5.8,56,Quận Tân Phú,Phường Tân Sơn Nhì,2,2,2,31/12/2025
4,55,Thành phố Thủ Đức,Phường Phú Hữu,4,0,0,31/12/2025
4.4,60,Thành phố Thủ Đức,Phường Long Trường,4,4,5,31/12/2025
6.9,54,Thành phố Thủ Đức,Phường Bình Trưng Đông,2,0,0,31/12/2025
6.699,101,Thành phố Thủ Đức,Phường Trường Thọ,2,0,0,31/12/2025
0.055,80,Quận Bình Tân,Phường Bình Hưng Hòa B,2,0,0,31/12/2025
20.5,160,Quận Gò Vấp,Phường 11,2,19,22,31/12/2025
6,47,Quận Tân Bình,Phường 5,3,0,0,31/12/2025
6,52,Quận Bình Tân,Phường Bình Trị Đông A,2,5,5,31/12/2025
6.5,65,Quận 7,Phường Tân Hưng,4,4,0,31/12/2025
6.3,65,Quận 7,Phường Tân Thuận Đông,1,0,0,31/12/2025
10,68,Quận Gò Vấp,Phường 14,1,0,0,31/12/2025
6.82,45,Quận 8,Phường 2,3,4,5,31/12/2025
5.6,67,Quận 8,Phường 5,1,4,4,31/12/2025
6.95,54,Quận 8,Phường 6,7,4,4,31/12/2025
9.7,52,Quận 8,Phường 2,2,3,4,31/12/2025
4.99,36,Quận 8,Phường 9,1,4,3,31/12/2025
16,126,Thành phố Thủ Đức,Phường Hiệp Bình Chánh,4,5,5,31/12/2025
7.38,36,Quận 8,Phường 9,5,2,2,31/12/2025
67.5,1.87,Thành phố Thủ Đức,Phường Linh Xuân,1,0,0,31/12/2025
11,60,Quận 8,Phường 13,1,3,3,31/12/2025
4.8,40,Quận 8,Phường 4,6,2,2,31/12/2025
6.5,52,Quận 8,Phường 4,1,3,3,31/12/2025
54,2.228,Thành phố Thủ Đức,Phường Linh Xuân,1,50,0,31/12/2025
6.2,42,Quận 8,Phường 5,4,2,2,31/12/2025
6.8,50,Quận 8,Phường 3,3,4,5,31/12/2025
57,702,Thành phố Thủ Đức,Phường Trường Thọ,4,6,6,31/12/2025
7.5,63,Quận 8,Phường 6,1,4,4,31/12/2025
23,165,Thành phố Thủ Đức,Phường Hiệp Bình Chánh,3,4,0,31/12/2025
5.9,54,Quận 8,Phường 5,1,4,3,31/12/2025
12.9,92,Thành phố Thủ Đức,Phường Tam Bình,3,0,0,31/12/2025
8.5,57,Quận 8,Phường 1,4,9,10,31/12/2025
14.5,145,Thành phố Thủ Đức,Phường Linh Chiểu,3,12,10,31/12/2025
11.5,240,Thành phố Thủ Đức,Phường Hiệp Bình Chánh,2,0,0,31/12/2025
8.5,71,Quận 8,Phường 4,3,6,7,31/12/2025
4.98,40,Quận 8,Phường 2,3,3,2,31/12/2025
6.25,51,Quận 8,Phường 3,2,3,2,31/12/2025
6.25,48,Quận 8,Phường 2,4,4,3,31/12/2025
24,809,Thành phố Thủ Đức,Phường Linh Xuân,1,38,0,31/12/2025
25,193,Thành phố Thủ Đức,Phường Linh Chiểu,4,0,0,31/12/2025
5.5,27,Quận 8,Phường 12,3,2,2,31/12/2025
6.99,40,Quận 8,Phường 3,5,4,3,31/12/2025
8.4,74,Thành phố Thủ Đức,Phường Linh Đông,2,4,5,31/12/2025
8.9,136,Thành phố Thủ Đức,Phường Linh Xuân,3,9,0,31/12/2025
23,288,Thành phố Thủ Đức,Phường Linh Xuân,7,3,0,31/12/2025
64,269,Thành phố Thủ Đức,Phường Hiệp Bình Phước,4,0,0,31/12/2025
9.9,76,Quận 8,Phường 1,4,4,4,31/12/2025
4.68,37,Quận 8,Phường 10,2,5,4,31/12/2025
16,320,Thành phố Thủ Đức,Phường Bình Chiểu,2,0,0,31/12/2025
21.5,480,Thành phố Thủ Đức,Phường Hiệp Bình Phước,1,0,0,31/12/2025
9.5,210,Thành phố Thủ Đức,Phường Linh Xuân,4,3,2,31/12/2025
8.6,125,Thành phố Thủ Đức,Phường Linh Xuân,2,2,0,31/12/2025
6.8,120,Thành phố Thủ Đức,Phường Linh Xuân,2,0,0,31/12/2025
13.9,263,Thành phố Thủ Đức,Phường Bình Chiểu,2,0,0,31/12/2025
20,187,Thành phố Thủ Đức,Phường Linh Xuân,2,0,0,31/12/2025
28,658,Thành phố Thủ Đức,Phường Linh Xuân,1,0,0,31/12/2025
7.25,66,Thành phố Thủ Đức,Phường Linh Đông,4,0,0,31/12/2025
19.5,471,Thành phố Thủ Đức,Phường Linh Xuân,3,11,0,31/12/2025
4.98,41,Quận 8,Phường 4,3,3,2,31/12/2025
7.5,84,Thành phố Thủ Đức,Phường Linh Chiểu,1,0,0,31/12/2025
9.15,66,Quận 8,Phường 4,2,0,0,31/12/2025
4.98,46,Quận 8,Phường 9,3,4,3,31/12/2025
8.7,68,Thành phố Thủ Đức,Phường Linh Đông,4,0,0,31/12/2025
17.2,133,Thành phố Thủ Đức,Phường Hiệp Bình Chánh,3,0,0,31/12/2025
8,142,Thành phố Thủ Đức,Phường Linh Xuân,6,3,0,31/12/2025
12.5,108,Thành phố Thủ Đức,Phường Linh Tây,4,4,4,31/12/2025
599,5.864,Thành phố Thủ Đức,Phường Phú Hữu,2,0,0,31/12/2025
6.4,130,Thành phố Thủ Đức,Phường Linh Xuân,3,0,0,31/12/2025
24,330,Thành phố Thủ Đức,Phường Linh Trung,3,0,0,31/12/2025
192,1.2,Thành phố Thủ Đức,Phường Bình Thọ,1,0,0,31/12/2025
11.5,110,Thành phố Thủ Đức,Phường Tăng Nhơn Phú A,3,0,0,31/12/2025
29,600,Thành phố Thủ Đức,Phường Linh Xuân,4,0,0,31/12/2025
5.55,66,Thành phố Thủ Đức,Phường Linh Xuân,3,3,2,31/12/2025
10.8,210,Thành phố Thủ Đức,Phường Linh Xuân,6,0,0,31/12/2025
8,100,Thành phố Thủ Đức,Phường Linh Xuân,3,4,3,31/12/2025
42,400,Thành phố Thủ Đức,Phường Linh Trung,9,4,4,31/12/2025
16.3,112,Thành phố Thủ Đức,Phường Phước Long B,3,1,0,31/12/2025
10.5,104,Thành phố Thủ Đức,Phường Tăng Nhơn Phú A,1,5,0,31/12/2025
13,186,Thành phố Thủ Đức,Phường Linh Trung,4,0,0,31/12/2025
14.5,150,Thành phố Thủ Đức,Phường Linh Chiểu,5,9,10,31/12/2025
5.3,60,Thành phố Thủ Đức,Phường Linh Xuân,1,4,3,31/12/2025
19.3,224,Thành phố Thủ Đức,Phường Trường Thọ,3,4,0,31/12/2025
22,612,Thành phố Thủ Đức,Phường Linh Trung,2,0,0,31/12/2025
6.5,76,Thành phố Thủ Đức,Phường Linh Xuân,2,4,3,31/12/2025
6.4,44,Quận 8,Phường 3,2,3,3,31/12/2025
15,332,Thành phố Thủ Đức,Phường Bình Chiểu,2,4,3,31/12/2025
7.6,72,Thành phố Thủ Đức,Phường Linh Tây,4,3,3,31/12/2025
14.5,153,Thành phố Thủ Đức,Phường Bình Chiểu,2,1,0,31/12/2025
9.2,90,Thành phố Thủ Đức,Phường Hiệp Phú,1,4,0,31/12/2025
25,190,Thành phố Thủ Đức,Phường Linh Trung,1,13,0,31/12/2025
16,117,Thành phố Thủ Đức,Phường Linh Chiểu,1,3,0,31/12/2025
14.5,162,Thành phố Thủ Đức,Phường Hiệp Phú,1,6,0,31/12/2025
65,494,Thành phố Thủ Đức,Phường Linh Trung,1,4,4,31/12/2025
22,280,Thành phố Thủ Đức,Phường Linh Xuân,3,8,0,31/12/2025
50,1.172,Thành phố Thủ Đức,Phường Linh Xuân,2,14,0,31/12/2025
11.3,130,Thành phố Thủ Đức,Phường Linh Xuân,1,4,0,31/12/2025
31,204,Thành phố Thủ Đức,Phường Hiệp Bình Chánh,2,1,1,31/12/2025
17.8,220,Thành phố Thủ Đức,Phường Phước Long A,1,0,0,31/12/2025
27.9,300,Thành phố Thủ Đức,Phường Hiệp Bình Chánh,6,6,5,31/12/2025
14,180,Thành phố Thủ Đức,Phường Linh Xuân,1,2,0,31/12/2025
6.1,135,Thành phố Thủ Đức,Phường Linh Xuân,4,0,0,31/12/2025
14,123,Thành phố Thủ Đức,Phường Hiệp Bình Phước,3,0,0,31/12/2025
24.99,160,Thành phố Thủ Đức,Phường Hiệp Bình Chánh,1,20,0,31/12/2025
13.5,147,Thành phố Thủ Đức,Phường Linh Xuân,2,0,0,31/12/2025
10.8,245,Thành phố Thủ Đức,Phường Linh Xuân,2,0,0,31/12/2025
25,500,Thành phố Thủ Đức,Phường Linh Xuân,2,0,0,31/12/2025
65,967,Thành phố Thủ Đức,Phường Linh Trung,2,0,0,31/12/2025
4.9,148,Thành phố Thủ Đức,Phường Linh Xuân,4,8,7,31/12/2025
18,126,Thành phố Thủ Đức,Phường Linh Trung,6,20,0,31/12/2025
11.8,120,Thành phố Thủ Đức,Phường Hiệp Bình Chánh,2,0,0,31/12/2025
17,133,Thành phố Thủ Đức,Phường Trường Thọ,2,4,0,31/12/2025
30,273,Thành phố Thủ Đức,Phường Hiệp Bình Phước,3,0,0,31/12/2025
18.5,190,Thành phố Thủ Đức,Phường Hiệp Bình Phước,3,8,6,31/12/2025
52,300,Thành phố Thủ Đức,Phường Linh Chiểu,6,24,0,31/12/2025
13,232,Thành phố Thủ Đức,Phường Hiệp Bình Phước,2,0,0,31/12/2025
16,240,Thành phố Thủ Đức,Phường Bình Chiểu,4,0,0,31/12/2025
4.85,18,Quận 3,Phường 11,1,3,0,31/12/2025
5,30,Quận 10,Phường 9,1,4,3,31/12/2025
5.2,30,Quận 10,Phường 9,2,3,3,31/12/2025
5,28,Quận 10,Phường 9,1,4,3,31/12/2025
4,24,Quận 6,Phường 4,1,0,0,31/12/2025
6.8,32,Quận Tân Bình,Phường 11,2,3,2,31/12/2025
18.5,85,Quận 6,Phường 11,4,11,12,31/12/2025
7,54,Quận 6,Phường 12,5,0,0,31/12/2025
6.5,25,Quận 1,Phường Cầu Ông Lãnh,2,0,0,31/12/2025
8.5,75,Quận 6,Phường 11,3,0,0,31/12/2025
4.98,21,Quận 10,Phường 6,1,3,4,31/12/2025
6.27,26,Quận 1,Phường Nguyễn Cư Trinh,2,3,4,31/12/2025
4.9,33,Quận 10,Phường 4,2,2,2,31/12/2025
8,46,Quận 10,Phường 2,1,0,0,31/12/2025
7.2,35,Quận 1,Phường Nguyễn Cư Trinh,3,4,3,31/12/2025
7.3,64,Quận 5,Phường 2,8,0,0,31/12/2025
4,21,Quận 10,Phường 6,4,0,0,31/12/2025
3,20,Quận 1,Phường Cầu Kho,2,0,0,31/12/2025
5,27,Quận 5,Phường 1,2,3,3,31/12/2025
5.88,25,Quận 5,Phường 1,2,3,3,31/12/2025
9.3,60,Quận 5,Phường 4,3,7,8,31/12/2025
5,30,Quận 10,Phường 9,2,4,0,31/12/2025
7.2,35,Quận 1,Phường Nguyễn Cư Trinh,1,4,3,31/12/2025
5,35,Quận 5,Phường 7,3,0,0,31/12/2025
3,17,Quận 1,Phường Nguyễn Cư Trinh,3,0,0,31/12/2025
3,20,Quận 1,Phường Nguyễn Cư Trinh,2,2,2,31/12/2025
5,30,Quận 1,Phường Cầu Kho,2,0,0,31/12/2025
5,30,Quận 5,Phường 1,3,2,3,31/12/2025
3.88,18,Quận 1,Phường Nguyễn Cư Trinh,2,2,2,31/12/2025
7.1,59,Quận 5,Phường 2,2,4,4,31/12/2025
3.9,20,Quận 1,Phường Nguyễn Cư Trinh,2,0,0,31/12/2025
3,17,Quận 1,Phường Nguyễn Cư Trinh,4,0,0,31/12/2025
5,24,Quận 5,Phường 6,1,3,3,31/12/2025
17,67,Quận 5,Phường 14,3,4,5,31/12/2025
20.5,100,Quận 5,Phường 2,3,0,0,31/12/2025
3.68,21,Quận 1,Phường Cầu Ông Lãnh,5,0,0,31/12/2025
9.5,51,Quận 5,Phường 2,9,0,0,31/12/2025
6,45,Quận 10,Phường 5,1,0,0,31/12/2025
6,36,Quận 10,Phường 8,2,0,0,31/12/2025
9,34,Quận 5,Phường 4,3,0,0,31/12/2025
7,64,Quận 6,Phường 10,1,0,0,31/12/2025
205,238,Quận 3,Phường 6,5,0,0,31/12/2025
9.8,77,Quận 5,Phường 7,2,4,3,31/12/2025
14,56,Quận 10,Phường 11,5,0,0,31/12/2025
7.9,46,Quận 5,Phường 2,2,0,0,31/12/2025
6.3,30,Quận 5,Phường 2,2,3,4,31/12/2025
5,72,Quận Bình Tân,Phường Bình Trị Đông,1,2,2,31/12/2025
10,30,Quận 10,Phường 8,3,0,0,31/12/2025
6.3,32,Quận 5,Phường 2,2,4,4,31/12/2025
9,21,Quận 5,Phường 7,2,0,0,31/12/2025
14.5,58,Quận 10,Phường 12,7,4,4,31/12/2025
17,60,Quận 5,Phường 5,2,9,0,31/12/2025
12,45,Quận 10,Phường 9,3,3,3,31/12/2025
6.45,68,Quận Gò Vấp,Phường 12,4,3,0,31/12/2025
5.5,27,Quận Bình Thạnh,Phường 1,3,2,2,31/12/2025
12,48,Quận 10,Phường 9,4,4,3,31/12/2025
8.9,58,Quận 10,Phường 5,4,0,0,31/12/2025
8.75,87,Quận Bình Thạnh,Phường 11,1,12,0,31/12/2025
11,46,Quận 10,Phường 9,2,0,0,31/12/2025
6,31,Quận 5,Phường 2,2,3,4,31/12/2025
16,56,Quận 10,Phường 11,2,3,4,31/12/2025
10.3,82,Quận 5,Phường 3,3,0,0,31/12/2025
11,48,Quận 10,Phường 9,2,0,0,31/12/2025
5,43,Quận 10,Phường 9,2,4,2,31/12/2025
3.95,30,Quận 5,Phường 2,2,0,0,31/12/2025
13,57,Quận 10,Phường 12,6,6,7,31/12/2025
8.5,43,Quận 3,Phường 5,6,0,0,31/12/2025
13.2,60,Quận 1,Phường Bến Thành,1,0,0,31/12/2025
29,80,Quận 1,Phường Bến Thành,4,0,0,31/12/2025
26.5,80,Quận 10,Phường 10,1,0,0,31/12/2025
32,78,Quận 1,Phường Nguyễn Cư Trinh,1,0,0,31/12/2025
10,42,Quận 10,Phường 1,2,3,0,31/12/2025
3.68,18,Quận 1,Phường Cầu Ông Lãnh,3,0,0,31/12/2025
3,22,Quận 1,Phường Cầu Ông Lãnh,4,0,0,31/12/2025
15,40,Quận 5,Phường 2,4,0,0,31/12/2025
5,30,Quận 5,Phường 1,1,2,3,31/12/2025
3.9,21,Quận 1,Phường Cầu Ông Lãnh,2,0,0,31/12/2025
3.9,17,Quận 1,Phường Nguyễn Cư Trinh,4,2,0,31/12/2025
3.9,17,Quận 1,Phường Nguyễn Cư Trinh,3,0,0,31/12/2025
3,18,Quận 1,Phường Nguyễn Cư Trinh,4,0,0,31/12/2025
17.3,56,Quận 10,Phường 15,2,0,0,31/12/2025
13,50,Quận 5,Phường 9,2,5,0,31/12/2025
3,18,Quận 1,Phường Nguyễn Cư Trinh,1,2,2,31/12/2025
8,58,Quận 3,Phường 4,3,4,3,31/12/2025
11.5,53,Quận 3,Phường 8,2,4,5,31/12/2025
11.5,53,Quận 3,Phường 10,1,4,5,31/12/2025
13.3,65,Quận 5,Phường 3,5,5,4,31/12/2025
5,51,Quận Gò Vấp,Phường 14,5,2,0,31/12/2025
9.3,57,Quận 5,Phường 4,3,7,8,31/12/2025
3.88,24,Quận 6,Phường 6,2,2,2,31/12/2025
5,30,Quận 10,Phường 10,1,4,3,31/12/2025
7.6,58,Quận 10,Phường 12,5,0,0,31/12/2025
8.3,32,Quận Bình Thạnh,Phường 17,1,0,0,31/12/2025
6,23,Quận 3,Phường 4,5,3,3,31/12/2025
5.95,50,Quận Gò Vấp,Phường 12,4,0,0,31/12/2025
5.95,27,Quận 5,Phường 2,2,5,0,31/12/2025
4.2,25,Quận 6,Phường 4,4,0,0,31/12/2025
8,30,Quận 1,Phường Phạm Ngũ Lão,1,2,3,31/12/2025
5.9,27,Quận 5,Phường 1,2,5,4,31/12/2025
3.85,17,Quận 10,Phường 15,1,3,4,31/12/2025
8.5,55,Quận 10,Phường 2,2,4,4,31/12/2025
6.2,30,Quận 10,Phường 10,4,4,0,31/12/2025
5.3,30,Quận 5,Phường 2,1,0,0,31/12/2025
4.86,18,Quận 3,Phường 11,4,2,3,31/12/2025
7.2,32,Quận 10,Phường 5,1,4,3,31/12/2025
5.3,30,Quận 5,Phường 2,3,0,0,31/12/2025
5,27,Quận 5,Phường 1,3,4,3,31/12/2025
3,16,Quận 1,Phường Phạm Ngũ Lão,1,2,2,31/12/2025
6.8,57,Quận Phú Nhuận,Phường 2,1,3,3,31/12/2025
4.5,45,Quận Gò Vấp,Phường 15,8,3,3,31/12/2025
10.5,64,Quận Bình Tân,Phường Bình Hưng Hòa A,3,4,4,31/12/2025
13.5,65,Quận 8,Phường 1,1,7,7,31/12/2025
9,30,Quận 1,Phường Đa Kao,1,3,3,31/12/2025
4,150,Huyện Bình Chánh,Xã Hưng Long,3,0,0,31/12/2025
4.35,60,Quận 12,Phường Thạnh Xuân,3,0,0,31/12/2025
6.5,125,Quận 12,Phường Thạnh Xuân,4,0,0,31/12/2025
6.2,70,Quận Bình Tân,Phường Tân Tạo,2,0,0,31/12/2025
4.6,125,Quận 12,Phường Thạnh Xuân,4,0,0,31/12/2025
5.5,65,Quận Bình Tân,Phường Tân Tạo,2,4,5,31/12/2025
6.8,60,Quận Bình Tân,Phường Tân Tạo,5,4,5,31/12/2025
9.8,95,Thành phố Thủ Đức,Phường Tân Phú,3,0,0,31/12/2025
5.1,110,Thành phố Thủ Đức,Phường Long Trường,2,0,0,31/12/2025
5.2,65,Quận Bình Tân,Phường Tân Tạo,3,0,0,31/12/2025
5.2,65,Quận Bình Tân,Phường Tân Tạo,3,0,0,31/12/2025
5.98,65,Quận Bình Tân,Phường Tân Tạo,2,0,0,31/12/2025
4,70,Quận Bình Tân,Phường Tân Tạo,3,1,0,31/12/2025
3.9,70,Quận Bình Tân,Phường Tân Tạo,4,5,0,31/12/2025
6.4,65,Quận Bình Tân,Phường Tân Tạo,4,0,0,31/12/2025
5,56,Quận 6,Phường 14,3,0,0,31/12/2025
9,84,Quận 6,Phường 14,2,3,2,31/12/2025
4.95,54,Quận Bình Tân,Phường An Lạc A,3,0,0,31/12/2025
4.39,85,Quận 12,Phường Thới An,2,0,0,31/12/2025
14.2,143,Quận 12,Phường Tân Thới Nhất,2,5,0,31/12/2025
6.5,125,Quận 12,Phường Thạnh Xuân,3,0,0,31/12/2025
4.35,60,Quận 12,Phường Thạnh Xuân,1,0,0,31/12/2025
13.65,1.714,Huyện Củ Chi,Xã Thái Mỹ,3,4,0,31/12/2025
5.3,40,Quận Gò Vấp,Phường 16,2,4,4,31/12/2025
6.5,52,Quận Gò Vấp,Phường 13,1,5,0,31/12/2025
7.9,75,Quận Gò Vấp,Phường 11,4,3,0,31/12/2025
4.5,37,Quận Gò Vấp,Phường 16,4,3,4,31/12/2025
4.85,58,Quận Gò Vấp,Phường 10,3,3,3,31/12/2025
7.2,71,Quận 6,Phường 13,2,10,10,31/12/2025
7,72,Quận 6,Phường 13,1,4,4,31/12/2025
5.4,21,Quận 11,Phường 13,3,3,0,31/12/2025
6.5,68,Thành phố Thủ Đức,Phường Hiệp Bình Chánh,3,0,0,31/12/2025
60,262,Thành phố Thủ Đức,Phường Tăng Nhơn Phú A,6,0,0,31/12/2025
23.5,149,Thành phố Thủ Đức,Phường Hiệp Phú,4,4,4,31/12/2025
26,96,Thành phố Thủ Đức,Phường Thảo Điền,3,3,3,31/12/2025
23.9,126,Thành phố Thủ Đức,Phường Bình Thọ,2,0,0,31/12/2025
5.6,125,Quận 12,Phường Tân Chánh Hiệp,3,0,0,31/12/2025
0.068,231,Thành phố Thủ Đức,Phường Phú Hữu,4,0,0,31/12/2025
9.2,92,Quận Bình Thạnh,Phường 12,3,6,6,31/12/2025
3.89,52,Quận Bình Tân,Phường Tân Tạo,5,4,3,31/12/2025
10.5,300,Huyện Hóc Môn,Xã Thới Tam Thôn,2,0,0,31/12/2025
3.05,55,Quận 3,Phường 15,2,3,2,31/12/2025
2.43,70,Quận Bình Thạnh,Phường 2,3,3,2,31/12/2025
4.12,70,Quận 6,Phường 12,4,3,2,31/12/2025
3.45,70,Quận Bình Thạnh,Phường 14,3,3,2,31/12/2025
0.058,440,Thành phố Thủ Đức,Phường Phú Hữu,3,0,0,31/12/2025
4.8,80,Thành phố Thủ Đức,Phường Linh Tây,3,0,0,31/12/2025
3,61,Quận Bình Thạnh,Phường 13,1,4,5,31/12/2025
2.9,64,Quận Bình Thạnh,Phường 24,3,4,5,31/12/2025
6.4,147,Thành phố Thủ Đức,Phường Phước Long B,3,2,0,31/12/2025
6.6,120,Thành phố Thủ Đức,Phường Phước Long B,1,0,0,31/12/2025
7.5,112,Thành phố Thủ Đức,Phường Phước Long B,2,5,0,31/12/2025
8.98,103,Thành phố Thủ Đức,Phường Phước Long B,3,0,0,31/12/2025
8.5,98,Thành phố Thủ Đức,Phường Phước Long A,3,0,0,31/12/2025
6.8,85,Thành phố Thủ Đức,Phường Phước Long B,2,0,0,31/12/2025
9.8,102,Thành phố Thủ Đức,Phường Phước Long A,4,1,0,31/12/2025
6.5,120,Thành phố Thủ Đức,Phường Phước Long B,3,0,0,31/12/2025
6.75,128,Thành phố Thủ Đức,Phường Phú Hữu,1,0,0,31/12/2025
35,321,Thành phố Thủ Đức,Phường Hiệp Phú,2,0,0,31/12/2025
9.95,103,Thành phố Thủ Đức,Phường Phước Bình,1,4,0,31/12/2025
8.5,99,Thành phố Thủ Đức,Phường Phước Long A,3,0,0,31/12/2025
5.45,69,Thành phố Thủ Đức,Phường Phước Long A,3,0,0,31/12/2025
8.6,118,Thành phố Thủ Đức,Phường Phước Long B,3,0,0,31/12/2025
8.5,120,Thành phố Thủ Đức,Phường Phước Long A,4,0,0,31/12/2025
9.85,88,Thành phố Thủ Đức,Phường Phước Bình,1,4,0,31/12/2025
8.1,115,Thành phố Thủ Đức,Phường Phước Bình,2,3,0,31/12/2025
9.75,120,Thành phố Thủ Đức,Phường Phước Long B,1,3,0,31/12/2025
8.7,98,Thành phố Thủ Đức,Phường Phước Long A,1,3,0,31/12/2025
5.85,56,Thành phố Thủ Đức,Phường Phú Hữu,1,0,0,31/12/2025
9.49,114,Thành phố Thủ Đức,Phường Phước Bình,4,0,0,31/12/2025
10.8,80,Thành phố Thủ Đức,Phường Phước Bình,3,0,0,31/12/2025
6.2,132,Thành phố Thủ Đức,Phường Tăng Nhơn Phú B,4,0,0,31/12/2025
8.68,82,Thành phố Thủ Đức,Phường Phước Long A,4,0,0,31/12/2025
7.3,61,Thành phố Thủ Đức,Phường Phước Long B,2,0,0,31/12/2025
13.7,142,Thành phố Thủ Đức,Phường Phước Long B,1,0,0,31/12/2025
8.97,70,Thành phố Thủ Đức,Phường Phước Long B,2,0,0,31/12/2025
13.5,100,Thành phố Thủ Đức,Phường Phước Long B,1,0,0,31/12/2025
8.5,71,Thành phố Thủ Đức,Phường Phước Long B,4,0,0,31/12/2025
7.8,68,Thành phố Thủ Đức,Phường Phước Long A,1,0,0,31/12/2025
7.65,68,Thành phố Thủ Đức,Phường Phước Long B,3,0,0,31/12/2025
8.46,78,Thành phố Thủ Đức,Phường Phước Long A,2,0,0,31/12/2025
7.65,67,Thành phố Thủ Đức,Phường Phước Long A,2,0,0,31/12/2025
8.79,75,Thành phố Thủ Đức,Phường Phước Long B,3,0,0,31/12/2025
7.67,66,Thành phố Thủ Đức,Phường Phước Long B,1,0,0,31/12/2025
7.87,61,Thành phố Thủ Đức,Phường Phước Long A,3,0,0,31/12/2025
8.49,82,Thành phố Thủ Đức,Phường Phước Long A,5,0,0,31/12/2025
8.78,72,Thành phố Thủ Đức,Phường Phước Long B,3,0,0,31/12/2025
8.8,79,Thành phố Thủ Đức,Phường Phước Long B,4,0,0,31/12/2025
23.9,252,Thành phố Thủ Đức,Phường Phước Long B,1,0,0,31/12/2025
4.8,70,Quận 12,Phường Tân Chánh Hiệp,3,4,0,31/12/2025
6.6,77,Thành phố Thủ Đức,Phường Tăng Nhơn Phú B,1,4,0,31/12/2025
6.92,79,Thành phố Thủ Đức,Phường Hiệp Phú,6,5,0,31/12/2025
8.23,72,Thành phố Thủ Đức,Phường Phước Long B,4,5,0,31/12/2025
7.2,62,Thành phố Thủ Đức,Phường Phước Long B,4,0,0,31/12/2025
9.8,147,Thành phố Thủ Đức,Phường Tăng Nhơn Phú B,1,0,0,31/12/2025
9.3,105,Thành phố Thủ Đức,Phường Phước Bình,4,0,0,31/12/2025
8.4,62,Thành phố Thủ Đức,Phường Phước Long B,4,0,0,31/12/2025
9.49,88,Thành phố Thủ Đức,Phường Phước Bình,5,0,0,31/12/2025
8.78,75,Thành phố Thủ Đức,Phường Phước Long B,5,0,0,31/12/2025
1.05,408,Huyện Củ Chi,Xã Trung Lập Hạ,4,0,0,31/12/2025
1.45,580,Huyện Củ Chi,Xã Trung Lập Hạ,4,1,0,31/12/2025
1.25,319,Huyện Củ Chi,Xã Trung Lập Hạ,4,2,0,31/12/2025
1.05,208,Huyện Củ Chi,Xã Phước Hiệp,3,0,0,31/12/2025
0.93,92,Huyện Củ Chi,Xã Tân Thông Hội,2,2,0,31/12/2025
1.25,135,Huyện Củ Chi,Xã Tân Phú Trung,3,2,0,31/12/2025
1.2,200,Huyện Củ Chi,Xã Tân Thông Hội,1,1,0,31/12/2025
1.18,165,Huyện Củ Chi,Xã Thái Mỹ,6,2,0,31/12/2025
0.75,152,Huyện Củ Chi,Xã Tân Thông Hội,1,1,2,31/12/2025
0.85,133,Huyện Củ Chi,Xã Tân Phú Trung,1,2,0,31/12/2025
1.45,64,Huyện Hóc Môn,Xã Tân Xuân,1,2,0,31/12/2025
0.79,144,Huyện Củ Chi,Xã Nhuận Đức,1,1,0,31/12/2025
0.815,100,Huyện Củ Chi,Xã Phước Hiệp,2,2,0,31/12/2025
0.75,151,Huyện Củ Chi,Xã Tân Thông Hội,4,1,0,31/12/2025
1.15,143,Huyện Củ Chi,Xã Tân Phú Trung,2,0,0,31/12/2025
1.05,105,Huyện Củ Chi,Xã Tân Thạnh Đông,4,2,0,31/12/2025
0.75,162,Huyện Củ Chi,Xã Tân Thạnh Đông,5,0,0,31/12/2025
0.92,161,Huyện Củ Chi,Xã Trung Lập Hạ,2,2,0,31/12/2025
0.88,215,Huyện Củ Chi,Xã Trung Lập Hạ,3,2,0,31/12/2025
0.75,102,Huyện Củ Chi,Xã Phước Thạnh,3,0,0,31/12/2025
0.935,171,Huyện Củ Chi,Xã Thái Mỹ,2,2,0,31/12/2025
1.05,124,Huyện Củ Chi,Xã Tân Thông Hội,4,2,0,31/12/2025
0.85,212,Huyện Củ Chi,Xã Trung Lập Thượng,6,0,0,31/12/2025
0.93,84,Huyện Củ Chi,Xã Tân Thông Hội,2,2,0,31/12/2025
0.98,108,Huyện Củ Chi,Xã Tân Thông Hội,1,2,2,31/12/2025
0.85,143,Huyện Củ Chi,Xã Tân Phú Trung,1,0,0,31/12/2025
0.95,52,Huyện Củ Chi,Xã Tân Phú Trung,5,2,0,31/12/2025
5,45,Quận Bình Thạnh,Phường 7,4,4,0,31/12/2025
5,39,Quận Bình Thạnh,Phường 12,1,0,0,31/12/2025
0.95,130,Huyện Củ Chi,Xã Tân Phú Trung,7,2,0,31/12/2025
0.75,118,Huyện Củ Chi,Xã Trung Lập Thượng,3,3,0,31/12/2025
1.25,504,Huyện Củ Chi,Xã Tân Phú Trung,2,2,0,31/12/2025
1.2,427,Huyện Củ Chi,Xã Tân Phú Trung,1,0,0,31/12/2025
33.9,879,Thành phố Thủ Đức,Phường Long Bình,2,0,0,31/12/2025
0.75,125,Huyện Củ Chi,Xã Phước Hiệp,4,2,0,31/12/2025
0.85,130,Huyện Củ Chi,Xã Phước Thạnh,3,2,0,31/12/2025
34,214,Thành phố Thủ Đức,Phường Bình Trưng Đông,3,0,0,31/12/2025
15.8,100,Quận Bình Thạnh,Phường 13,4,0,0,31/12/2025
6.5,41,Quận 3,Phường 7,2,0,0,31/12/2025
14.5,84,Thành phố Thủ Đức,Phường Cát Lái,3,0,0,31/12/2025
7.3,39,Quận Phú Nhuận,Phường 17,5,0,0,31/12/2025
8.59,57,Quận Phú Nhuận,Phường 15,1,0,0,31/12/2025
11.8,147,Thành phố Thủ Đức,Phường Tăng Nhơn Phú A,2,2,0,31/12/2025
7.99,45,Quận Tân Bình,Phường 5,2,0,0,31/12/2025
7.59,61,Quận Phú Nhuận,Phường 8,5,0,0,31/12/2025
23,211,Thành phố Thủ Đức,Phường Tăng Nhơn Phú A,2,0,0,31/12/2025
6.25,30,Quận Phú Nhuận,Phường 9,4,3,0,31/12/2025
6.5,33,Quận Phú Nhuận,Phường 8,4,0,0,31/12/2025
7.9,197,Thành phố Thủ Đức,Phường Long Thạnh Mỹ,4,0,0,31/12/2025
6.88,46,Quận 3,Phường 14,1,6,0,31/12/2025
7.99,40,Quận 3,Phường 12,2,4,0,31/12/2025
55,495,Thành phố Thủ Đức,Phường Linh Đông,2,0,0,31/12/2025
6.4,61,Quận Phú Nhuận,Phường 8,2,0,0,31/12/2025
6,165,Thành phố Thủ Đức,Phường Long Trường,2,0,0,31/12/2025
8.65,41,Quận Tân Bình,Phường 2,2,6,0,31/12/2025
7,60,Quận Gò Vấp,Phường 7,3,0,0,31/12/2025
7.2,40,Quận 3,Phường 14,3,4,0,31/12/2025
9.9,115,Quận 3,Phường 14,1,0,0,31/12/2025
8,40,Quận 3,Phường 14,2,4,3,31/12/2025
9.85,85,Thành phố Thủ Đức,Phường Phước Long A,3,0,0,31/12/2025
67,477,Thành phố Thủ Đức,Phường Phú Hữu,3,0,0,31/12/2025
4,50,Quận Bình Thạnh,Phường 7,2,0,0,31/12/2025
13.85,63,Quận Tân Bình,Phường 1,2,0,0,31/12/2025
7,75,Thành phố Thủ Đức,Phường Hiệp Phú,3,2,0,31/12/2025
9.2,43,Quận Phú Nhuận,Phường 4,4,0,0,31/12/2025
7.5,39,Quận Tân Bình,Phường 7,4,0,0,31/12/2025
210,1.404,Thành phố Thủ Đức,Phường Tăng Nhơn Phú A,2,0,0,31/12/2025
9.5,136,Thành phố Thủ Đức,Phường Long Trường,3,0,0,31/12/2025
7.6,50,Quận Phú Nhuận,Phường 1,1,0,0,31/12/2025
7.95,37,Quận 3,Phường 14,3,0,0,31/12/2025
6.6,69,Quận 3,Phường 14,3,0,0,31/12/2025
8.78,42,Quận 3,Phường 12,3,0,0,31/12/2025
19.5,136,Thành phố Thủ Đức,Phường Phú Hữu,4,5,6,31/12/2025
9,133,Thành phố Thủ Đức,Phường Long Trường,1,4,5,31/12/2025
8.9,37,Quận Phú Nhuận,Phường 9,3,4,0,31/12/2025
8.5,35,Quận Phú Nhuận,Phường 7,2,4,0,31/12/2025
6.7,36,Quận Phú Nhuận,Phường 15,2,6,0,31/12/2025
6.7,56,Quận Tân Bình,Phường 3,2,0,0,31/12/2025
999,26.462,Thành phố Thủ Đức,Phường Long Phước,2,0,0,31/12/2025
6.5,41,Quận Phú Nhuận,Phường 15,4,0,0,31/12/2025
10,95,Thành phố Thủ Đức,Phường Linh Trung,2,0,0,31/12/2025
11.15,61,Quận Phú Nhuận,Phường 13,4,0,0,31/12/2025
17,99,Thành phố Thủ Đức,Phường Thạnh Mỹ Lợi,4,0,0,31/12/2025
8.6,86,Thành phố Thủ Đức,Phường Phước Long B,3,5,5,31/12/2025
6.75,35,Quận 3,Phường 12,3,0,0,31/12/2025
8.85,55,Quận 3,Phường 12,4,0,0,31/12/2025
7.999,60,Quận 3,Phường 14,4,0,0,31/12/2025
8.8,66,Quận Phú Nhuận,Phường 5,2,0,0,31/12/2025
9.15,45,Quận Phú Nhuận,Phường 2,2,0,0,31/12/2025
7.9,63,Quận Tân Bình,Phường 3,2,0,0,31/12/2025
8.5,37,Quận Phú Nhuận,Phường 2,4,0,0,31/12/2025
6,27,Quận Phú Nhuận,Phường 13,1,5,0,31/12/2025
6.5,30,Quận Phú Nhuận,Phường 12,4,0,0,31/12/2025
7.3,57,Quận Tân Bình,Phường 3,2,0,0,31/12/2025
8.5,35,Quận Phú Nhuận,Phường 7,3,4,0,31/12/2025
6.7,36,Quận Phú Nhuận,Phường 15,1,6,0,31/12/2025
6.7,56,Quận Tân Bình,Phường 3,2,0,0,31/12/2025
999,26.462,Thành phố Thủ Đức,Phường Long Phước,3,0,0,31/12/2025
6.5,41,Quận Phú Nhuận,Phường 15,3,0,0,31/12/2025
10,95,Thành phố Thủ Đức,Phường Linh Trung,1,0,0,31/12/2025
11.15,61,Quận Phú Nhuận,Phường 13,2,0,0,31/12/2025
17,99,Thành phố Thủ Đức,Phường Thạnh Mỹ Lợi,2,0,0,31/12/2025
8.6,86,Thành phố Thủ Đức,Phường Phước Long B,3,5,5,31/12/2025
6.75,35,Quận 3,Phường 12,3,0,0,31/12/2025
8.85,55,Quận 3,Phường 12,2,0,0,31/12/2025
7.999,60,Quận 3,Phường 14,3,0,0,31/12/2025
8.8,66,Quận Phú Nhuận,Phường 5,3,0,0,31/12/2025
9.15,45,Quận Phú Nhuận,Phường 2,2,0,0,31/12/2025
7.9,63,Quận Tân Bình,Phường 3,5,0,0,31/12/2025
8.5,37,Quận Phú Nhuận,Phường 2,5,0,0,31/12/2025
6,27,Quận Phú Nhuận,Phường 13,2,5,0,31/12/2025
6.5,30,Quận Phú Nhuận,Phường 12,2,0,0,31/12/2025
7.3,57,Quận Tân Bình,Phường 3,2,0,0,31/12/2025
8.8,42,Quận 3,Phường 14,2,0,0,31/12/2025
9.59,46,Quận Phú Nhuận,Phường 5,4,5,0,31/12/2025
8.69,40,Quận Phú Nhuận,Phường 5,3,5,0,31/12/2025
8.295,41,Quận Tân Bình,Phường 2,1,4,0,31/12/2025
7.77,36,Quận 3,Phường 8,3,0,0,31/12/2025
6.695,58,Quận Phú Nhuận,Phường 15,1,3,0,31/12/2025
8.395,55,Quận 3,Phường 10,1,0,0,31/12/2025
8.7,40,Quận 3,Phường 7,1,4,0,31/12/2025
6.9,44,Quận Tân Bình,Phường 3,4,0,0,31/12/2025
9.5,55,Quận Phú Nhuận,Phường 1,3,0,0,31/12/2025
8.5,44,Quận 3,Phường 5,2,5,0,31/12/2025
6.595,43,Quận Phú Nhuận,Phường 5,3,0,0,31/12/2025
9.39,65,Quận 3,Phường 11,2,0,0,31/12/2025
9,63,Quận Phú Nhuận,Phường 11,2,6,0,31/12/2025
8.7,46,Quận 3,Phường 14,3,0,0,31/12/2025
8.695,46,Quận 3,Phường 14,6,0,0,31/12/2025
7.595,36,Quận 3,Phường 8,3,0,0,31/12/2025
9.8,45,Quận Phú Nhuận,Phường 13,2,1,0,31/12/2025
7.4,70,Quận 3,Phường 14,3,0,0,31/12/2025
6.8,35,Quận Phú Nhuận,Phường 7,4,3,3,31/12/2025
9.4,43,Quận Phú Nhuận,Phường 2,3,0,0,31/12/2025
8.5,44,Quận Phú Nhuận,Phường 7,2,0,0,31/12/2025
8.6,38,Quận Tân Bình,Phường 1,2,0,0,31/12/2025
8.6,48,Quận Tân Bình,Phường 1,1,0,0,31/12/2025
12.7,62,Quận 3,Phường 12,2,4,0,31/12/2025
9.4,40,Quận Phú Nhuận,Phường 10,2,0,0,31/12/2025
5.45,33,Quận 10,Phường 12,3,0,0,31/12/2025
7.85,48,Quận Phú Nhuận,Phường 4,2,0,0,31/12/2025
7.5,37,Quận 3,Phường 4,2,0,0,31/12/2025
8.7,67,Quận Phú Nhuận,Phường 5,4,0,0,31/12/2025
7.8,57,Quận Phú Nhuận,Phường 5,6,0,0,31/12/2025
9.6,78,Quận Tân Bình,Phường 3,5,3,0,31/12/2025
10.5,60,Quận Phú Nhuận,Phường 7,2,4,0,31/12/2025
9,48,Quận Tân Bình,Phường 3,2,0,0,31/12/2025
8.6,50,Quận Tân Bình,Phường 1,2,0,0,31/12/2025
8.5,50,Quận 3,Phường 14,2,0,0,31/12/2025
6.2,51,Quận 3,Phường 11,3,0,0,31/12/2025
9,50,Quận Phú Nhuận,Phường 13,4,0,0,31/12/2025
6.2,32,Quận 3,Phường 14,2,0,0,31/12/2025
6.5,42,Quận 3,Phường 9,3,0,0,31/12/2025
6.48,38,Quận 3,Phường 9,6,3,0,31/12/2025
5.7,36,Quận 3,Phường 14,2,0,0,31/12/2025
6.48,41,Quận Phú Nhuận,Phường 15,1,2,0,31/12/2025
6.83,35,Quận Phú Nhuận,Phường 13,2,3,0,31/12/2025
6.6,34,Quận 3,Phường 8,2,0,0,31/12/2025
12.9,46,Quận 3,Phường 14,1,0,0,31/12/2025
8.99,48,Quận 3,Phường 10,2,0,0,31/12/2025
7.99,45,Quận 3,Phường 10,3,0,0,31/12/2025
22,443,Thành phố Thủ Đức,Phường Hiệp Bình Phước,1,1,5,31/12/2025
6.75,54,Quận 3,Phường 12,1,5,0,31/12/2025
6.5,50,Quận 3,Phường 11,1,3,0,31/12/2025
9.5,80,Thành phố Thủ Đức,Phường Phú Hữu,4,4,3,31/12/2025
70,970,Thành phố Thủ Đức,Phường Tăng Nhơn Phú B,1,45,0,31/12/2025
6.5,41,Quận 3,Phường 14,3,0,0,31/12/2025
6.3,137,Thành phố Thủ Đức,Phường Phước Long B,3,2,1,31/12/2025
5.9,36,Quận 3,Phường 14,3,0,0,31/12/2025
6.3,58,Quận 3,Phường 10,3,0,0,31/12/2025
23,194,Thành phố Thủ Đức,Phường Phước Long B,3,4,5,31/12/2025
5.4,44,Quận 3,Phường 9,1,0,0,31/12/2025
5.5,96,Thành phố Thủ Đức,Phường Phước Long B,1,2,0,31/12/2025
7,60,Quận 3,Phường 12,3,0,0,31/12/2025
6.6,40,Quận Tân Bình,Phường 1,2,0,0,31/12/2025
7.58,48,Quận 3,Phường 9,2,0,0,31/12/2025
46,1.146,Thành phố Thủ Đức,Phường Hiệp Bình Chánh,1,5,0,31/12/2025
8.2,203,Thành phố Thủ Đức,Phường Phú Hữu,2,4,3,31/12/2025
7.3,34,Quận Phú Nhuận,Phường 10,2,0,0,31/12/2025
15.5,300,Thành phố Thủ Đức,Phường Tăng Nhơn Phú B,1,9,0,31/12/2025
9.98,53,Quận Phú Nhuận,Phường 5,2,0,0,31/12/2025
7.18,58,Quận 3,Phường 14,2,0,0,31/12/2025
8.3,140,Thành phố Thủ Đức,Phường Trường Thạnh,1,0,0,31/12/2025
21,367,Thành phố Thủ Đức,Phường Phú Hữu,4,3,0,31/12/2025
8.8,80,Thành phố Thủ Đức,Phường Tăng Nhơn Phú A,1,3,4,31/12/2025
6.5,37,Quận 3,Phường 8,2,0,0,31/12/2025
7.85,36,Quận 3,Đường Nam Kỳ Khởi Nghĩa,2,0,0,31/12/2025
192,1.192,Thành phố Thủ Đức,Phường Bình Thọ,2,0,0,31/12/2025
7.7,40,Quận Phú Nhuận,Phường 4,2,0,0,31/12/2025
5.5,88,Thành phố Thủ Đức,Phường Phước Long B,4,3,0,31/12/2025
6.9,35,Quận Phú Nhuận,Phường 13,3,0,0,31/12/2025
6.45,32,Quận Phú Nhuận,Phường 9,2,0,0,31/12/2025
75,2.2,Thành phố Thủ Đức,Phường Phước Long B,2,0,0,31/12/2025
6.75,52,Quận 3,Phường 9,5,0,0,31/12/2025
13.5,134,Thành phố Thủ Đức,Phường Phước Bình,4,4,5,31/12/2025
6.7,52,Quận 3,Phường 11,6,0,0,31/12/2025
6,45,Quận Phú Nhuận,Phường 2,1,5,0,31/12/2025
25,120,Thành phố Thủ Đức,Phường Thảo Điền,2,5,0,31/12/2025
6.8,60,Thành phố Thủ Đức,Phường Phước Long,3,4,5,31/12/2025
7.8,46,Quận Phú Nhuận,Phường 10,4,0,0,31/12/2025
7.8,43,Quận Phú Nhuận,Phường 10,4,0,0,31/12/2025
22.8,163,Thành phố Thủ Đức,Phường Cát Lái,3,5,4,31/12/2025
9.5,111,Thành phố Thủ Đức,Phường Long Trường,4,3,0,31/12/2025
8.3,33,Quận 3,Phường 14,5,0,0,31/12/2025
7.6,39,Quận Phú Nhuận,Phường 5,2,0,0,31/12/2025
6.8,56,Quận Gò Vấp,Đường Lê Đức Thọ,1,4,0,31/12/2025
8.3,53,Quận 3,Phường 14,1,0,0,31/12/2025
7.7,58,Quận 3,Phường 11,1,5,3,31/12/2025
16.8,424,Quận Tân Phú,Phường Tân Sơn Nhì,2,0,0,31/12/2025
3.2,42,Quận Tân Bình,Phường 15,2,0,0,31/12/2025
3.3,57,Quận Bình Tân,Phường Bình Hưng Hòa,2,0,0,31/12/2025
0.003,50,Thành phố Thủ Đức,Phường Linh Đông,2,0,0,31/12/2025
0.93,3.033,Quận 3,Phường 6,2,0,0,31/12/2025
10.5,140,Thành phố Thủ Đức,Phường Phú Hữu,4,4,4,31/12/2025
26,104,Thành phố Thủ Đức,Phường Tăng Nhơn Phú A,2,0,0,31/12/2025
7.3,90,Thành phố Thủ Đức,Phường Phước Long,2,0,0,31/12/2025
25,350,Thành phố Thủ Đức,Phường Long Trường,1,2,0,31/12/2025
10.3,90,Thành phố Thủ Đức,Phường Hiệp Phú,1,3,2,31/12/2025
44,606,Thành phố Thủ Đức,Phường Linh Đông,3,3,0,31/12/2025
14.5,143,Thành phố Thủ Đức,Phường Tăng Nhơn Phú A,1,6,7,31/12/2025
17.5,208,Thành phố Thủ Đức,Phường Thạnh Mỹ Lợi,2,0,0,31/12/2025
7.5,80,Thành phố Thủ Đức,Phường Phước Long,1,3,3,31/12/2025
15.8,110,Thành phố Thủ Đức,Phường Thạnh Mỹ Lợi,2,0,0,31/12/2025
6,78,Thành phố Thủ Đức,Phường Tăng Nhơn Phú A,2,1,0,31/12/2025
26,280,Thành phố Thủ Đức,Phường Hiệp Phú,2,6,4,31/12/2025
10.5,281,Thành phố Thủ Đức,Phường Trường Thạnh,2,0,0,31/12/2025
18.5,262,Thành phố Thủ Đức,Phường Tân Phú,2,20,0,31/12/2025
9.9,156,Thành phố Thủ Đức,Phường Tân Phú,2,3,3,31/12/2025
33,270,Thành phố Thủ Đức,Phường Bình Trưng Đông,2,4,3,31/12/2025
12,230,Thành phố Thủ Đức,Phường Tăng Nhơn Phú B,2,2,0,31/12/2025
42,398,Thành phố Thủ Đức,Phường Linh Trung,3,5,0,31/12/2025
8,61,Thành phố Thủ Đức,Phường Tăng Nhơn Phú A,3,4,0,31/12/2025
7.5,60,Quận Tân Phú,Phường Tân Sơn Nhì,3,0,0,31/12/2025
18.5,129,Quận Gò Vấp,Phường 9,1,0,0,31/12/2025
74,215,Quận 10,Phường 12,3,0,0,31/12/2025
22,87,Quận Phú Nhuận,Phường 5,1,6,0,31/12/2025
15.5,75,Quận Bình Thạnh,Phường 5,1,0,0,31/12/2025
9.7,43,Quận Bình Thạnh,Phường 2,2,9,0,31/12/2025
25.2,122,Quận Bình Thạnh,Phường 13,1,11,0,31/12/2025
21,270,Quận Bình Thạnh,Phường 13,1,14,0,31/12/2025
63.99,113,Quận 10,Phường 12,4,0,0,31/12/2025
5.79,55,Quận 12,Phường Hiệp Thành,6,4,0,31/12/2025
5.6,125,Quận 12,Phường Hiệp Thành,3,0,0,31/12/2025
5,41,Quận Bình Tân,Phường An Lạc,3,2,0,31/12/2025
5.99,60,Quận Bình Tân,Phường An Lạc,2,4,0,31/12/2025
6,56,Quận Bình Tân,Phường An Lạc,1,3,3,31/12/2025
8.8,100,Quận Bình Tân,Phường An Lạc,1,7,0,31/12/2025
9.1,80,Quận Bình Tân,Phường An Lạc,1,0,0,31/12/2025
4.55,40,Quận Bình Tân,Phường An Lạc,5,2,0,31/12/2025
32,247,Thành phố Thủ Đức,Phường Trường Thạnh,1,0,0,31/12/2025
5.9,52,Quận 6,Phường 10,1,4,0,31/12/2025
7.5,100,Thành phố Thủ Đức,Phường Tăng Nhơn Phú B,1,0,0,31/12/2025
7.5,48,Quận Bình Tân,Phường An Lạc,1,4,0,31/12/2025
7.8,60,Quận Bình Tân,Phường Bình Trị Đông B,6,4,0,31/12/2025
26,456,Thành phố Thủ Đức,Phường Cát Lái,1,0,0,31/12/2025
5.1,70,Quận Bình Tân,Phường Bình Trị Đông A,1,2,2,31/12/2025
9.7,140,Thành phố Thủ Đức,Phường Long Trường,6,0,0,31/12/2025
9.48,95,Quận Bình Tân,Phường An Lạc A,1,4,0,31/12/2025
14,92,Thành phố Thủ Đức,Phường An Phú,4,2,0,31/12/2025
7.25,110,Quận 6,Phường 8,4,3,0,31/12/2025
6.6,118,Thành phố Thủ Đức,Phường Trường Thạnh,5,0,0,31/12/2025
5.4,68,Quận 8,Phường 16,1,3,0,31/12/2025
14.5,115,Thành phố Thủ Đức,Phường Phước Long,1,3,4,31/12/2025
6.7,65,Quận 6,Phường 13,3,0,0,31/12/2025
8.6,100,Thành phố Thủ Đức,Phường Trường Thạnh,3,0,0,31/12/2025
5.4,40,Quận 6,Phường 8,3,5,0,31/12/2025
14,120,Thành phố Thủ Đức,Phường Tăng Nhơn Phú A,2,9,0,31/12/2025
8,157,Thành phố Thủ Đức,Phường Phú Hữu,2,0,0,31/12/2025
14.5,160,Thành phố Thủ Đức,Phường Tăng Nhơn Phú A,2,6,5,31/12/2025
7.3,77,Thành phố Thủ Đức,Phường Hiệp Phú,2,3,2,31/12/2025
8,114,Thành phố Thủ Đức,Phường Phước Long B,2,3,2,31/12/2025
6.2,55,Quận Bình Tân,Phường Bình Hưng Hòa,2,0,0,31/12/2025
36.5,714,Thành phố Thủ Đức,Phường Long Trường,2,0,0,31/12/2025
14.5,325,Thành phố Thủ Đức,Phường Trường Thạnh,2,0,0,31/12/2025
5.5,56,Quận Bình Tân,Phường Bình Trị Đông B,1,0,0,31/12/2025
20,121,Thành phố Thủ Đức,Phường Hiệp Phú,1,0,0,31/12/2025
4,66,Thành phố Thủ Đức,Phường Long Thạnh Mỹ,4,3,2,31/12/2025
85,4,Thành phố Thủ Đức,Phường Linh Đông,2,0,0,31/12/2025
4.8,85,Thành phố Thủ Đức,Phường Trường Thạnh,2,0,0,31/12/2025
14.9,64,Quận Gò Vấp,Phường 8,2,0,0,31/12/2025
14.8,87,Quận Gò Vấp,Phường 14,2,0,0,31/12/2025
6.65,45,Quận Gò Vấp,Phường 16,1,0,0,31/12/2025
5.8,70,Quận Gò Vấp,Phường 16,1,3,0,31/12/2025
18,330,Thành phố Thủ Đức,Phường Phước Long B,2,54,0,31/12/2025
6,103,Thành phố Thủ Đức,Phường Hiệp Phú,3,2,2,31/12/2025
45,475,Thành phố Thủ Đức,Phường Hiệp Phú,2,0,0,31/12/2025
9,150,Thành phố Thủ Đức,Phường Tăng Nhơn Phú B,1,3,2,31/12/2025
200,1.565,Thành phố Thủ Đức,Phường An Phú,3,0,0,31/12/2025
9.3,88,Thành phố Thủ Đức,Phường Phước Long B,1,0,0,31/12/2025
16,80,Thành phố Thủ Đức,Phường An Phú,3,5,5,31/12/2025
